6628587,1,14,0,0,139,1247473647,1247473801,63,0,0,7,7,7,7,-1,-1,21,1,0,1,0,1,0,0,0,0,0,0,0,0,1,2,5,1,1,0,0,3,0,0,0,0,0,0,0,0,0,00001133571247473647,38007,002B11015,38007,"",70571,"",38007,934194852,"","","","","","","",""
6628587,15,0,14,5,76,1247473710,1247473801,71,0,0,155,50,155,50,-1,-1,0,0,1,1,0,0,0,0,0,0,0,0,0,0,1,2,3,0,2,0,0,1,0,0,0,0,0,0,0,0,0,00001133691247473710,38205,"",38205,70571,77040,"",38205,70571,"","","","","","","",""
6628588,10,0,0,0,74,1247473719,1247473803,74,0,0,7,7,7,7,-1,-1,11,1,0,1,0,0,0,0,0,0,0,0,0,0,1,2,5,0,1,0,0,3,0,0,0,0,0,0,0,0,0,00001133721247473719,38004,001B18031,38004,"",71104,"",38004,933009590,"","","","","","","",""
6628589,29,0,0,0,40,1247473734,1247473803,40,0,0,20,20,20,20,-1,-1,37,1,0,1,0,0,0,0,0,0,0,0,0,0,1,2,3,0,1,0,0,1,0,0,0,0,0,0,0,0,0,00001133741247473733,38020,002B12001,38020,"",39418,"",38020,933498443,"","","","","","","",""
6628590,0,0,3,0,3,1247473807,1247473810,0,0,0,0,8,0,-1,-1,-1,21,1,1,0,0,0,0,0,0,0,0,0,0,0,1,7,0,0,1,0,0,0,0,0,0,0,0,0,0,0,0,00001133991247473807,"",004B12003,"",71104,"","",972266974,22213,"","","","","","","",""
6628591,1,31,0,0,294,1247473503,1247473812,118,0,0,7,7,7,7,-1,-1,21,1,0,1,0,1,0,0,0,0,0,0,0,0,1,2,5,1,1,0,0,3,0,0,0,0,0,0,0,0,0,00001133161247473503,38001,002B11014,38001,"",70433,"",38001,933389597,"","","","","","","",""
6628591,15,0,31,18,176,1247473621,1247473812,158,0,0,160,194,160,194,-1,-1,0,0,1,1,0,0,0,0,0,0,0,0,0,0,1,2,5,0,2,0,0,1,0,0,0,0,0,0,0,0,0,00001133421247473621,38244,"",38244,70433,77034,"",38244,70433,"","","","","","","",""
6628592,0,0,2,0,2,1247473811,1247473813,0,0,0,0,8,0,-1,-1,-1,21,1,1,0,0,0,0,0,0,0,0,0,0,0,1,7,0,0,1,0,0,0,0,0,0,0,0,0,0,0,0,00001134011247473811,"",004B12005,"",71104,"","",972266974,22213,"","","","","","","",""
6628593,0,0,3,0,3,1247473817,1247473820,0,0,0,0,8,0,-1,-1,-1,21,1,1,0,0,0,0,0,0,0,0,0,0,0,1,7,0,0,1,0,0,0,0,0,0,0,0,0,0,0,0,00001134041247473817,"",004B12006,"",71104,"","",972266974,22213,"","","","","","","",""
6628594,4,15,0,0,153,1247473655,1247473844,62,0,0,20,20,20,20,-1,-1,37,1,0,1,0,1,0,0,0,0,0,0,0,0,1,2,3,1,1,0,0,1,0,0,0,0,0,0,0,0,0,00001133581247473655,38020,003A11014,38020,"",39233,"",38020,935795245,"","","","","","","",""
6628594,36,0,15,9,91,1247473717,1247473844,82,0,0,60,60,60,60,-1,-1,0,0,1,1,0,0,0,0,0,0,0,0,0,0,1,2,5,0,2,0,0,2,0,0,0,0,0,0,0,0,0,00001133711247473717,38060,"",38060,39233,39363,"",38060,39233,"","","","","","","",""
6628595,1,0,0,0,43,1247473801,1247473845,43,0,0,20,20,20,20,-1,-1,37,1,0,1,0,0,0,0,0,0,0,0,0,0,1,2,3,0,1,0,0,1,0,0,0,0,0,0,0,0,0,00001133981247473801,38020,003A11017,38020,"",39338,"",38020,977161029,"","","","","","","",""
6628596,11,0,84,9,84,1247473761,1247473856,75,0,0,404,104,404,104,-1,-1,0,0,1,1,0,0,0,0,0,0,0,0,0,0,1,2,6,0,1,0,0,1,0,0,0,0,0,0,0,0,0,00001133831247473761,"","","",72080,73109,"",38704,72080,"","","","","","","",""
6628597,1,16,0,0,345,1247473500,1247473861,269,0,0,17,17,17,17,-1,-1,11,1,0,1,0,1,0,0,0,0,0,0,0,0,1,2,6,1,1,0,0,2,0,0,0,0,0,0,0,0,0,00001133151247473500,38015,001B17013,38015,"",70630,"",38015,933039813,"","","","","","","",""
6628597,16,0,16,8,76,1247473769,1247473861,68,0,0,152,51,152,51,-1,-1,0,0,1,1,0,0,0,0,0,0,0,0,0,0,1,2,6,0,2,0,0,1,0,0,0,0,0,0,0,0,0,00001133891247473769,38202,"",38202,70630,77001,"",38202,70630,"","","","","","","",""
6628598,0,0,0,7,477,1247473386,1247473863,0,0,0,1,-1,1,-1,-1,-1,0,0,0,0,0,0,0,0,0,0,0,0,0,0,1,1,0,0,1,0,0,0,0,0,0,0,0,0,0,0,0,00001132931247473386,38000,"",38000,"","","",38000,938462540,12009,"","","","","","",""
6628599,1,93,0,0,209,1247473641,1247473865,81,0,0,17,17,17,17,-1,-1,11,1,0,1,0,1,0,0,0,0,0,0,0,0,1,2,6,2,1,0,0,2,0,0,0,0,0,0,0,0,0,00001133551247473641,38015,001B17014,38015,"",70341,"",38015,933039813,"","","","","","","",""
6628599,15,0,24,18,59,1247473791,1247473865,41,0,0,152,51,152,51,-1,-1,0,0,1,1,0,0,0,0,0,0,0,0,0,0,1,2,6,0,2,0,0,1,0,0,0,0,0,0,0,0,0,00001133961247473791,38202,"",38202,70341,77040,"",38202,70341,"","","","","","","",""
6628600,1,18,0,0,169,1247473692,1247473876,94,0,0,17,17,17,17,-1,-1,11,1,0,1,0,1,0,0,0,0,0,0,0,0,1,2,6,1,1,0,0,2,0,0,0,0,0,0,0,0,0,00001133641247473692,38015,002A12025,38015,"",70635,"",38015,977865406,"","","","","","","",""
6628600,15,0,18,6,75,1247473786,1247473876,69,0,0,152,51,152,51,-1,-1,0,0,1,1,0,0,0,0,0,0,0,0,0,0,1,2,6,0,2,0,0,1,0,0,0,0,0,0,0,0,0,00001133951247473786,38202,"",38202,70635,77048,"",38202,70635,"","","","","","","",""
6628601,0,0,42,0,42,1247473839,1247473881,0,0,0,0,17,0,-1,-1,-1,21,1,1,0,0,0,0,0,0,0,0,0,0,0,1,7,0,0,1,0,0,0,0,0,0,0,0,0,0,0,0,00001134141247473839,"",002B11001,"",70630,"","",933039813,22308,"","","","","","","",""
6628602,1,0,0,0,44,1247473859,1247473904,44,0,0,20,20,20,20,-1,-1,37,1,0,1,0,0,0,0,0,0,0,0,0,0,1,2,3,0,1,0,0,1,0,0,0,0,0,0,0,0,0,00001134171247473859,38020,002B12003,38020,"",39233,"",38020,877021062,"","","","","","","",""
6628603,1,0,0,0,32,1247473891,1247473924,32,0,0,20,20,20,20,-1,-1,37,1,0,1,0,0,0,0,0,0,0,0,0,0,1,2,3,0,1,0,0,1,0,0,0,0,0,0,0,0,0,00001134271247473891,38020,003A11019,38020,"",39338,"",38020,937416770,"","","","","","","",""
6628604,0,0,126,0,126,1247473809,1247473935,0,0,0,0,72,0,-1,-1,-1,21,1,1,0,0,0,0,0,0,0,0,0,0,0,1,7,0,0,1,0,0,0,0,0,0,0,0,0,0,0,0,00001134001247473809,"",004B12004,"",75042,"","",938425079,22402,"","","","","","","",""
6628605,0,0,25,25,25,1247473929,1247473954,0,0,0,60,60,60,60,-1,-1,0,0,1,1,0,0,0,0,0,0,0,0,0,0,1,3,5,0,1,0,0,3,0,0,0,0,0,0,0,0,0,00001134371247473929,38060,"",38060,39273,39212,"",38060,39273,"","","","","","","",""
6628606,0,0,4,2,4,1247473952,1247473956,0,0,0,60,20,60,-1,-1,-1,0,0,1,0,0,0,0,0,0,0,0,0,0,0,1,5,0,0,1,0,0,0,0,0,0,0,0,0,0,0,0,00001134461247473952,38060,"",38060,39418,"","",38060,39418,"","","","","","","",""
6628607,0,0,58,0,58,1247473901,1247473959,0,0,0,0,272,0,-1,-1,-1,21,1,1,0,0,0,0,0,0,0,0,0,0,0,1,7,0,0,1,0,0,0,0,0,0,0,0,0,0,0,0,00001134321247473901,"",002B11002,"",72015,"","",618735346,22730,"","","","","","","",""
6628608,0,0,96,0,252,1247473703,1247473965,0,0,119,0,284,0,-1,-1,-1,21,1,1,0,0,1,0,0,0,0,0,0,0,0,1,7,0,0,1,0,0,0,0,0,0,0,0,0,0,0,0,00001133671247473703,"",004B12001,"",72080,"","",667169803,22720,"","","","","","","",""
6628608,10,0,23,6,60,1247473895,1247473965,54,0,0,48,48,48,48,-1,-1,0,0,1,1,0,0,0,0,0,0,0,0,0,0,1,2,4,0,2,0,0,1,0,0,0,0,0,0,0,0,0,00001134291247473895,38048,"",38048,72080,74005,"",38048,72080,"","","","","","","",""
6628609,0,0,0,6,30,1247473941,1247473971,0,0,0,500,-1,500,-1,-1,-1,11,1,0,0,0,0,0,0,0,0,0,0,0,0,1,1,0,0,1,0,0,0,0,0,0,0,0,0,0,0,0,00001134401247473941,"",001B18001,"","","","","",932562457,"","","","","","","",""
6628610,6,28,0,0,145,1247473827,1247473978,117,0,0,20,20,20,20,-1,-1,37,1,0,1,0,0,0,0,0,0,0,0,0,0,1,2,3,1,1,0,0,1,0,0,0,0,0,0,0,0,0,00001134071247473827,38020,003A11018,38020,"",39273,"",38020,003A11018,"","","","","","","",""
6628611,7,0,0,0,51,1247473936,1247473994,51,0,0,20,20,20,20,-1,-1,37,1,0,1,0,0,0,0,0,0,0,0,0,0,1,2,3,0,1,0,0,1,0,0,0,0,0,0,0,0,0,00001134391247473936,38020,002B12003,38020,"",39342,"",38020,652823729,"","","","","","","",""
6628612,1,18,0,0,154,1247473828,1247473997,93,0,0,17,17,17,17,-1,-1,11,1,0,1,0,1,0,0,0,0,0,0,0,0,1,2,6,1,1,0,0,2,0,0,0,0,0,0,0,0,0,00001134081247473828,38015,001B17015,38015,"",70298,"",38015,933039813,"","","","","","","",""
6628612,15,0,18,9,61,1247473921,1247473997,52,0,0,152,51,152,51,-1,-1,0,0,1,1,0,0,0,0,0,0,0,0,0,0,1,2,6,0,2,0,0,1,0,0,0,0,0,0,0,0,0,00001134361247473921,38202,"",38202,70298,77040,"",38202,70298,"","","","","","","",""
6628613,5,0,0,0,51,1247473948,1247474004,51,0,0,20,20,20,20,-1,-1,37,1,0,1,0,0,0,0,0,0,0,0,0,0,1,2,3,0,1,0,0,1,0,0,0,0,0,0,0,0,0,00001134411247473948,38020,003A11020,38020,"",39233,"",38020,972674814,"","","","","","","",""
6628614,9,11,0,0,153,1247473782,1247474009,70,0,0,20,20,20,20,-1,-1,37,1,0,1,0,1,0,0,0,0,0,0,0,0,1,2,3,1,1,0,0,1,0,0,0,0,0,0,0,0,0,00001133921247473782,38020,003A11015,38020,"",39342,"",38020,003A11015,"","","","","","","",""
6628614,74,0,11,5,83,1247473852,1247474009,78,0,0,60,60,60,60,-1,-1,0,0,1,1,0,0,0,0,0,0,0,0,0,0,1,2,5,0,2,0,0,2,0,0,0,0,0,0,0,0,0,00001134161247473852,38060,"",38060,39342,39363,"",38060,39342,"","","","","","","",""
6628615,19,35,0,0,109,1247473882,1247474010,74,0,0,20,20,20,20,-1,-1,37,1,0,1,0,0,0,0,0,0,0,0,0,0,1,2,3,1,1,0,0,1,0,0,0,0,0,0,0,0,0,00001134251247473882,38020,002B12004,38020,"",39418,"",38020,938460986,"","","","","","","",""
6628616,1,0,0,0,39,1247473974,1247474014,39,0,0,20,20,20,20,-1,-1,37,1,0,1,0,0,0,0,0,0,0,0,0,0,1,2,3,0,1,0,0,1,0,0,0,0,0,0,0,0,0,00001134501247473974,38020,002B12006,38020,"",39338,"",38020,938094185,"","","","","","","",""
6628617,0,0,31,0,31,1247473990,1247474021,0,0,0,0,266,0,-1,-1,-1,21,1,1,0,0,0,0,0,0,0,0,0,0,0,1,7,0,0,1,0,0,0,0,0,0,0,0,0,0,0,0,00001134531247473990,"",002B11003,"",72115,"","",607184459,22714,"","","","","","","",""
6628618,0,0,15,0,15,1247474016,1247474031,0,0,0,0,101,0,-1,-1,-1,21,1,1,0,0,0,0,0,0,0,0,0,0,0,1,7,0,0,1,0,0,0,0,0,0,0,0,0,0,0,0,00001134591247474016,"",002B11001,"",73100,"","",092,22801,"","","","","","","",""
6628619,6,0,0,0,43,1247473984,1247474033,43,0,0,20,20,20,20,-1,-1,37,1,0,1,0,0,0,0,0,0,0,0,0,0,1,2,3,0,1,0,0,1,0,0,0,0,0,0,0,0,0,00001134511247473984,38020,003A11021,38020,"",39273,"",38020,606706601,"","","","","","","",""
6628620,0,0,8,0,8,1247474026,1247474034,0,0,0,0,266,0,-1,-1,-1,21,1,1,0,0,0,0,0,0,0,0,0,0,0,1,7,0,0,1,0,0,0,0,0,0,0,0,0,0,0,0,00001134631247474026,"",002B11002,"",72115,"","",607184412,22714,"","","","","","","",""
6628621,0,0,56,0,199,1247473830,1247474044,0,0,21,0,8,0,-1,-1,-1,21,1,1,0,0,1,0,0,0,0,0,0,0,0,1,7,0,0,1,0,0,0,0,0,0,0,0,0,0,0,0,00001134091247473830,"",004B12007,"",71104,"","",972266974,22213,"","","","","","","",""
6628621,15,0,21,10,143,1247473886,1247474044,133,0,0,155,50,155,50,-1,-1,0,0,1,1,0,0,0,0,0,0,0,0,0,0,1,2,3,0,2,0,0,1,0,0,0,0,0,0,0,0,0,00001134261247473886,38205,"",38205,71104,77034,"",38205,71104,"","","","","","","",""
6628622,0,0,6,2,6,1247474054,1247474060,0,0,0,60,20,60,-1,-1,-1,0,0,1,0,0,0,0,0,0,0,0,0,0,0,1,5,0,0,1,0,0,0,0,0,0,0,0,0,0,0,0,00001134681247474054,38060,"",38060,39342,"","",38060,39342,"","","","","","","",""
6628623,10,0,0,0,27,1247474023,1247474060,27,0,0,7,7,7,7,-1,-1,11,1,0,1,0,0,0,0,0,0,0,0,0,0,1,2,5,0,1,0,0,3,0,0,0,0,0,0,0,0,0,00001134621247474023,38007,002A12026,38007,"",71059,"",38007,933126308,"","","","","","","",""
6628624,10,0,0,0,131,1247473920,1247474061,131,0,0,7,7,7,7,-1,-1,21,1,0,1,0,0,0,0,0,0,0,0,0,0,1,2,5,0,1,0,0,3,0,0,0,0,0,0,0,0,0,00001134351247473920,38001,002B11017,38001,"",70356,"",38001,936351800,"","","","","","","",""
6628625,6,0,0,0,40,1247474015,1247474061,40,0,0,20,20,20,20,-1,-1,37,1,0,1,0,0,0,0,0,0,0,0,0,0,1,2,3,0,1,0,0,1,0,0,0,0,0,0,0,0,0,00001134571247474015,38020,003A11023,38020,"",39418,"",38020,938458700,"","","","","","","",""
6628626,0,0,24,9,24,1247474048,1247474072,15,0,0,0,408,0,-1,-1,-1,0,0,1,1,0,0,0,0,0,0,0,0,0,0,1,1,0,0,1,0,0,0,0,0,0,0,0,0,0,0,0,00001134671247474048,"","","",72080,71512,"",22705,22720,"","","","","","","",""
6628627,3,17,0,0,244,1247473822,1247474076,71,0,0,20,20,20,20,-1,-1,37,1,0,1,0,1,0,0,0,0,0,0,0,0,1,2,3,1,1,0,0,1,0,0,0,0,0,0,0,0,0,00001134061247473822,38020,002B12002,38020,"",39274,"",38020,002B12002,"","","","","","","",""
6628627,10,0,13,8,169,1247473897,1247474076,161,0,0,58,58,58,58,-1,-1,0,0,1,1,0,0,0,0,0,0,0,0,0,0,1,2,5,0,2,0,0,1,0,0,0,0,0,0,0,0,0,00001134301247473897,38058,"",38058,39274,39244,"",38058,39274,"","","","","","","",""
6628628,0,0,41,0,41,1247474036,1247474077,0,0,0,0,272,0,-1,-1,-1,21,1,1,0,0,0,0,0,0,0,0,0,0,0,1,7,0,0,1,0,0,0,0,0,0,0,0,0,0,0,0,00001134651247474036,"",002B11003,"",72015,"","",676791792,22730,"","","","","","","",""
6628629,6,6,0,10,89,1247473984,1247474079,73,0,0,20,20,20,20,-1,-1,37,1,0,1,0,0,0,0,0,0,0,0,0,0,1,2,3,1,1,0,0,1,0,0,0,0,0,0,0,0,0,00001134521247473984,38020,003A11022,38020,"",39342,"",38020,936656053,"","","","","","","",""
6628630,1,19,0,0,109,1247473971,1247474081,90,0,0,20,20,20,20,-1,-1,37,1,0,1,0,0,0,0,0,0,0,0,0,0,1,2,3,1,1,0,0,1,0,0,0,0,0,0,0,0,0,00001134491247473971,38020,002B12005,38020,"",39274,"",38020,002B12005,"","","","","","","",""
6628631,0,0,25,0,87,1247473991,1247474088,0,0,19,0,285,0,-1,-1,-1,21,1,1,0,0,1,0,0,0,0,0,0,0,0,1,7,0,0,1,0,0,0,0,0,0,0,0,0,0,0,0,00001134541247473991,"",004B12001,"",72090,"","",618652990,22719,"","","","","","","",""
6628631,10,0,19,12,62,1247474016,1247474088,50,0,0,48,48,48,48,-1,-1,0,0,1,1,0,0,0,0,0,0,0,0,0,0,1,2,4,0,2,0,0,1,0,0,0,0,0,0,0,0,0,00001134581247474016,38048,"",38048,72090,74005,"",38048,72090,"","","","","","","",""
6628632,1,0,0,0,28,1247474063,1247474092,28,0,0,20,20,20,20,-1,-1,37,1,0,1,0,0,0,0,0,0,0,0,0,0,1,2,3,0,1,0,0,1,0,0,0,0,0,0,0,0,0,00001134731247474063,38020,002B12003,38020,"",39338,"",38020,935721140,"","","","","","","",""
6628633,14,0,0,0,37,1247474061,1247474112,37,0,0,20,20,20,20,-1,-1,37,1,0,1,0,0,0,0,0,0,0,0,0,0,1,2,3,0,1,0,0,1,0,0,0,0,0,0,0,0,0,00001134711247474061,38020,003A11024,38020,"",39233,"",38020,972548767,"","","","","","","",""
6628634,21,0,0,0,27,1247474068,1247474116,27,0,0,20,20,20,20,-1,-1,37,1,0,1,0,0,0,0,0,0,0,0,0,0,1,2,3,0,1,0,0,1,0,0,0,0,0,0,0,0,0,00001134761247474068,38020,002B12004,38020,"",39418,"",38020,936541966,"","","","","","","",""
6628635,10,0,26,10,26,1247474083,1247474119,16,0,0,401,101,401,101,-1,-1,0,0,1,1,0,0,0,0,0,0,0,0,0,0,1,2,6,0,1,0,0,1,0,0,0,0,0,0,0,0,0,00001134811247474083,"","","",71059,73100,"",38701,71059,"","","","","","","",""
6628636,5,0,0,0,63,1247474068,1247474136,63,0,0,20,20,20,20,-1,-1,37,1,0,1,0,0,0,0,0,0,0,0,0,0,1,2,3,0,1,0,0,1,0,0,0,0,0,0,0,0,0,00001134741247474068,38020,002B12002,38020,"",39273,"",38020,935052489,"","","","","","","",""
6628637,12,0,0,0,57,1247474073,1247474142,57,0,0,7,7,7,7,-1,-1,11,1,0,1,0,0,0,0,0,0,0,0,0,0,1,2,5,0,1,0,0,3,0,0,0,0,0,0,0,0,0,00001134781247474073,38004,003B11013,38004,"",70608,"",38004,972262440,"","","","","","","",""
6628638,10,0,0,0,184,1247473949,1247474143,184,0,0,7,7,7,7,-1,-1,11,1,0,1,0,0,0,0,0,0,0,0,0,0,1,2,5,0,1,0,0,3,0,0,0,0,0,0,0,0,0,00001134441247473949,38007,003B11012,38007,"",70446,"",38007,626732494,"","","","","","","",""
6628639,11,0,0,0,32,1247474111,1247474154,32,0,0,7,7,7,7,-1,-1,11,1,0,1,0,0,0,0,0,0,0,0,0,0,1,2,5,0,1,0,0,3,0,0,0,0,0,0,0,0,0,00001134871247474111,38001,002A12027,38001,"",70630,"",38001,619024527,"","","","","","","",""
6628640,1,50,0,0,391,1247473755,1247474161,164,0,0,7,7,7,7,-1,-1,11,1,0,1,0,1,0,0,0,0,0,0,0,0,1,2,5,1,1,0,0,3,0,0,0,0,0,0,0,0,0,00001133821247473755,38004,003B11011,38004,"",70987,"",38004,972700641,"","","","","","","",""
6628640,15,0,50,28,227,1247473919,1247474161,199,0,0,52,50,155,50,-1,-1,0,0,1,1,0,0,0,0,0,0,0,0,0,0,1,2,6,0,2,0,0,1,0,0,0,0,0,0,0,0,0,00001134341247473919,38052,"",38205,70987,77048,"",38205,70987,"","","","","","","",""
6628641,0,0,15,0,15,1247474148,1247474163,0,0,0,0,8,0,-1,-1,-1,21,1,1,0,0,0,0,0,0,0,0,0,0,0,1,7,0,0,1,0,0,0,0,0,0,0,0,0,0,0,0,00001134951247474148,"",004B12003,"",70356,"","",607835427,22251,"","","","","","","",""
6628642,2,0,0,0,86,1247474076,1247474164,86,0,0,7,7,7,7,-1,-1,21,1,0,1,0,0,0,0,0,0,0,0,0,0,1,2,5,0,1,0,0,3,0,0,0,0,0,0,0,0,0,00001134791247474076,38004,002B11018,38004,"",70045,"",38004,972610607,"","","","","","","",""
6628643,0,0,37,0,37,1247474127,1247474164,0,0,0,0,272,0,-1,-1,-1,21,1,1,0,0,0,0,0,0,0,0,0,0,0,1,7,0,0,1,0,0,0,0,0,0,0,0,0,0,0,0,00001134921247474127,"",004B12002,"",72015,"","",607191208,22730,"","","","","","","",""
6628644,1,15,0,3,68,1247474089,1247474168,19,0,0,129,283,129,283,-1,-1,32,1,0,1,0,1,0,0,0,0,0,0,0,0,1,2,5,1,1,0,0,1,0,0,0,0,0,0,0,0,0,00001134821247474089,38629,003A12001,38629,"",72085,"",38629,667169762,"","","","","","","",""
6628644,11,0,15,2,46,1247474111,1247474168,44,0,0,48,48,48,48,-1,-1,0,0,1,1,0,0,0,0,0,0,0,0,0,0,1,2,4,0,2,0,0,1,0,0,0,0,0,0,0,0,0,00001134881247474111,38048,"",38048,72085,74005,"",38048,72085,"","","","","","","",""
6628645,1,0,0,0,38,1247474136,1247474175,38,0,0,7,7,7,7,-1,-1,21,1,0,1,0,0,0,0,0,0,0,0,0,0,1,2,5,0,1,0,0,3,0,0,0,0,0,0,0,0,0,00001134931247474136,38009,004B12025,38009,"",71104,"",38009,004B12025,"","","","","","","",""
6628646,0,0,163,0,163,1247474019,1247474182,0,0,0,0,60,0,-1,-1,-1,37,1,1,0,0,0,0,0,0,0,0,0,0,0,1,7,0,0,1,0,0,0,0,0,0,0,0,0,0,0,0,00001134601247474019,"",002B12010,"",39363,"","",630006559,22208,"","","","","","","",""
6628647,3,0,0,0,75,1247474104,1247474182,75,0,0,20,20,20,20,-1,-1,37,1,0,1,0,0,0,0,0,0,0,0,0,0,1,2,3,0,1,0,0,1,0,0,0,0,0,0,0,0,0,00001134861247474104,38020,002B12003,38020,"",39342,"",38020,937612751,"","","","","","","",""
6628648,2,0,0,0,28,1247474157,1247474187,28,0,0,20,20,20,20,-1,-1,37,1,0,1,0,0,0,0,0,0,0,0,0,0,1,2,3,0,1,0,0,1,0,0,0,0,0,0,0,0,0,00001134991247474157,38020,002B12002,38020,"",39338,"",38020,609133436,"","","","","","","",""
6628649,8,0,0,0,42,1247474143,1247474193,42,0,0,20,20,20,20,-1,-1,37,1,0,1,0,0,0,0,0,0,0,0,0,0,1,2,3,0,1,0,0,1,0,0,0,0,0,0,0,0,0,00001134941247474143,38020,003A11025,38020,"",39274,"",38020,933457827,"","","","","","","",""
6628650,0,0,34,0,34,1247474165,1247474199,0,0,0,0,8,0,-1,-1,-1,21,1,1,0,0,0,0,0,0,0,0,0,0,0,1,7,0,0,1,0,0,0,0,0,0,0,0,0,0,0,0,00001135011247474165,"",002B11002,"",70356,"","",607835427,22251,"","","","","","","",""
6628651,0,0,45,0,45,1247474162,1247474207,0,0,0,0,17,0,-1,-1,-1,21,1,1,0,0,0,0,0,0,0,0,0,0,0,1,7,0,0,1,0,0,0,0,0,0,0,0,0,0,0,0,00001135001247474162,"",002B11001,"",70433,"","",672113272,22309,"","","","","","","",""
6628652,52,0,0,0,196,1247473959,1247474207,196,0,0,17,17,17,17,-1,-1,11,1,0,1,0,0,0,0,0,0,0,0,0,0,1,2,6,0,1,0,0,2,0,0,0,0,0,0,0,0,0,00001134481247473959,38015,001B17017,38015,"",70433,"",38015,933039813,"","","","","","","",""
6628653,0,0,20,0,20,1247474200,1247474220,0,0,0,0,8,0,-1,-1,-1,21,1,1,0,0,0,0,0,0,0,0,0,0,0,1,7,0,0,1,0,0,0,0,0,0,0,0,0,0,0,0,00001135101247474200,"",002B11003,"",70356,"","",607835427,22251,"","","","","","","",""
6628654,7,0,0,0,38,1247474187,1247474232,38,0,0,20,20,20,20,-1,-1,37,1,0,1,0,0,0,0,0,0,0,0,0,0,1,2,3,0,1,0,0,1,0,0,0,0,0,0,0,0,0,00001135061247474187,38020,003A11026,38020,"",39233,"",38020,933510093,"","","","","","","",""
6628655,0,0,118,0,118,1247474125,1247474243,0,0,0,0,97,0,-1,-1,-1,21,1,1,0,0,0,0,0,0,0,0,0,0,0,1,7,0,0,1,0,0,0,0,0,0,0,0,0,0,0,0,00001134911247474125,"",004B12001,"",76055,"","",667169824,22721,"","","","","","","",""
6628656,3,0,0,0,78,1247474166,1247474247,78,0,0,20,20,20,20,-1,-1,37,1,0,1,0,0,0,0,0,0,0,0,0,0,1,2,3,0,1,0,0,1,0,0,0,0,0,0,0,0,0,00001135021247474166,38020,002B12004,38020,"",39418,"",38020,933030090,"","","","","","","",""
6628657,4,0,0,0,57,1247474199,1247474260,57,0,0,20,20,20,20,-1,-1,37,1,0,1,0,0,0,0,0,0,0,0,0,0,1,2,3,0,1,0,0,1,0,0,0,0,0,0,0,0,0,00001135091247474199,38020,003A11027,38020,"",39273,"",38020,653812977,"","","","","","","",""
6628658,1,0,0,6,42,1247474223,1247474266,36,0,0,128,268,128,268,-1,-1,32,1,0,1,0,0,0,0,0,0,0,0,0,0,1,2,4,0,1,0,0,1,0,0,0,0,0,0,0,0,0,00001135231247474223,38628,003A12001,38628,"",72101,"",38628,972501400,"","","","","","","",""
6628659,1,18,0,0,220,1247474032,1247474268,92,0,0,7,7,7,7,-1,-1,21,1,0,1,0,1,0,0,0,0,0,0,0,0,1,2,5,1,1,0,0,3,0,0,0,0,0,0,0,0,0,00001134641247474032,38001,004B12024,38001,"",70568,"",38001,938188916,"","","","","","","",""
6628659,16,0,18,6,128,1247474124,1247474268,122,0,0,155,50,155,50,-1,-1,0,0,1,1,0,0,0,0,0,0,0,0,0,0,1,2,3,0,2,0,0,1,0,0,0,0,0,0,0,0,0,00001134901247474124,38205,"",38205,70568,77040,"",38205,70568,"","","","","","","",""
6628660,10,0,0,4,20,1247474240,1247474270,16,0,0,122,257,122,257,-1,-1,32,1,0,1,0,0,0,0,0,0,0,0,0,0,1,2,5,0,1,0,0,1,0,0,0,0,0,0,0,0,0,00001135281247474240,38622,001A18026,38622,"",72075,"",38622,670082159,"","","","","","","",""
6628661,0,0,9,2,9,1247474285,1247474294,0,0,0,60,20,60,-1,-1,-1,0,0,1,0,0,0,0,0,0,0,0,0,0,0,1,5,0,0,1,0,0,0,0,0,0,0,0,0,0,0,0,00001135361247474285,38060,"",38060,39342,"","",38060,39342,"","","","","","","",""
6628662,0,0,52,0,52,1247474255,1247474307,0,0,0,0,60,0,-1,-1,-1,37,1,1,0,0,0,0,0,0,0,0,0,0,0,1,7,0,0,1,0,0,0,0,0,0,0,0,0,0,0,0,00001135311247474255,"",002B12011,"",39363,"","",938462986,22208,"","","","","","","",""
6628663,0,0,96,0,96,1247474222,1247474318,0,0,0,0,8,0,-1,-1,-1,21,1,1,0,0,0,0,0,0,0,0,0,0,0,1,7,0,0,1,0,0,0,0,0,0,0,0,0,0,0,0,00001135221247474222,"",002B11004,"",70433,"","",933920761,22309,"","","","","","","",""
6628664,10,0,0,1,28,1247474280,1247474318,27,0,0,128,268,128,268,-1,-1,32,1,0,1,0,0,0,0,0,0,0,0,0,0,1,2,4,0,1,0,0,1,0,0,0,0,0,0,0,0,0,00001135351247474280,38628,003A12001,38628,"",72101,"",38628,972501400,"","","","","","","",""
6628665,10,0,0,0,17,1247474296,1247474323,17,0,0,7,7,7,7,-1,-1,11,1,0,1,0,0,0,0,0,0,0,0,0,0,1,2,5,0,1,0,0,3,0,0,0,0,0,0,0,0,0,00001135401247474296,38007,001B17019,38007,"",70608,"",38007,609338424,"","","","","","","",""
6628666,7,10,0,0,108,1247474210,1247474325,98,0,0,20,20,20,20,-1,-1,37,1,0,1,0,0,0,0,0,0,0,0,0,0,1,2,3,1,1,0,0,1,0,0,0,0,0,0,0,0,0,00001135151247474210,38020,003A11028,38020,"",39342,"",38020,003A11028,"","","","","","","",""
6628667,0,0,46,0,46,1247474293,1247474339,0,0,0,0,266,0,-1,-1,-1,21,1,1,0,0,0,0,0,0,0,0,0,0,0,1,7,0,0,1,0,0,0,0,0,0,0,0,0,0,0,0,00001135391247474293,"",002B11005,"",72115,"","",696221159,22714,"","","","","","","",""
6628668,1,22,0,0,266,1247474058,1247474339,156,0,0,17,17,17,17,-1,-1,11,1,0,1,0,1,0,0,0,0,0,0,0,0,1,2,6,1,1,0,0,2,0,0,0,0,0,0,0,0,0,00001134701247474058,38015,001B18002,38015,"",70571,"",38015,933039814,"","","","","","","",""
6628668,15,0,22,4,110,1247474214,1247474339,106,0,0,155,50,155,50,-1,-1,0,0,1,1,0,0,0,0,0,0,0,0,0,0,1,2,3,0,2,0,0,1,0,0,0,0,0,0,0,0,0,00001135171247474214,38205,"",38205,70571,77001,"",38205,70571,"","","","","","","",""
6628669,1,25,0,0,249,1247474077,1247474342,105,0,0,7,7,7,7,-1,-1,11,1,0,1,0,1,0,0,0,0,0,0,0,0,1,2,5,1,1,0,0,3,0,0,0,0,0,0,0,0,0,00001134801247474077,38007,001B17018,38007,"",70341,"",38007,933132511,"","","","","","","",""
6628669,16,0,25,16,144,1247474182,1247474342,128,0,0,155,50,155,50,-1,-1,0,0,1,1,0,0,0,0,0,0,0,0,0,0,1,2,3,0,2,0,0,1,0,0,0,0,0,0,0,0,0,00001135051247474182,38205,"",38205,70341,77034,"",38205,70341,"","","","","","","",""
6628670,0,0,4,2,4,1247474339,1247474343,0,0,0,60,20,60,-1,-1,-1,0,0,1,0,0,0,0,0,0,0,0,0,0,0,1,5,0,0,1,0,0,0,0,0,0,0,0,0,0,0,0,00001135521247474339,38060,"",38060,39274,"","",38060,39274,"","","","","","","",""
6628671,0,0,3,2,3,1247474344,1247474347,0,0,0,60,20,60,-1,-1,-1,0,0,1,0,0,0,0,0,0,0,0,0,0,0,1,5,0,0,1,0,0,0,0,0,0,0,0,0,0,0,0,00001135551247474344,38060,"",38060,39274,"","",38060,39274,"","","","","","","",""
6628672,1,5,0,5,194,1247474151,1247474355,67,0,0,119,285,119,285,-1,-1,32,1,0,1,0,1,0,0,0,0,0,0,0,0,1,2,5,1,1,0,0,1,0,0,0,0,0,0,0,0,0,00001134971247474151,38619,001A18025,38619,"",72090,"",38619,618652990,"","","","","","","",""
6628672,10,0,5,1,122,1247474223,1247474355,121,0,0,48,48,48,48,-1,-1,0,0,1,1,0,0,0,0,0,0,0,0,0,0,1,2,4,0,2,0,0,1,0,0,0,0,0,0,0,0,0,00001135241247474223,38048,"",38048,72090,74005,"",38048,72090,"","","","","","","",""
6628673,1,8,0,0,68,1247474292,1247474361,60,0,0,20,20,20,20,-1,-1,37,1,0,1,0,0,0,0,0,0,0,0,0,0,1,2,3,1,1,0,0,1,0,0,0,0,0,0,0,0,0,00001135381247474292,38020,002B12002,38020,"",39274,"",38020,934531873,"","","","","","","",""
6628674,10,0,0,0,4,1247474350,1247474364,4,0,0,7,7,7,7,-1,-1,21,1,0,1,0,0,0,0,0,0,0,0,0,0,1,2,5,0,1,0,0,3,0,0,0,0,0,0,0,0,0,00001135571247474350,38007,004B12027,38007,"",70341,"",38007,934025858,"","","","","","","",""
6628675,12,0,0,0,139,1247474221,1247474372,139,0,0,7,7,7,7,-1,-1,21,1,0,1,0,0,0,0,0,0,0,0,0,0,1,2,5,0,1,0,0,3,0,0,0,0,0,0,0,0,0,00001135191247474221,38009,002B11019,38009,"",70298,"",38009,977421640,"","","","","","","",""
6628676,11,0,0,0,25,1247474339,1247474375,25,0,0,7,7,7,7,-1,-1,11,1,0,1,0,0,0,0,0,0,0,0,0,0,1,2,5,0,1,0,0,3,0,0,0,0,0,0,0,0,0,00001135511247474339,38004,001B18004,38004,"",70568,"",38004,933009590,"","","","","","","",""
6628677,11,0,0,0,128,1247474239,1247474378,128,0,0,7,7,7,7,-1,-1,11,1,0,1,0,0,0,0,0,0,0,0,0,0,1,2,5,0,1,0,0,3,0,0,0,0,0,0,0,0,0,00001135271247474239,38009,003B11014,38009,"",70987,"",38009,626698508,"","","","","","","",""
6628678,0,0,27,0,27,1247474353,1247474380,0,0,0,0,7,0,-1,-1,-1,21,1,1,0,0,0,0,0,0,0,0,0,0,0,1,7,0,0,1,0,0,0,0,0,0,0,0,0,0,0,0,00001135601247474353,"",002B11008,"",70446,"","",637378290,22304,"","","","","","","",""
6628679,36,0,0,0,2,1247474342,1247474380,2,0,0,7,7,7,7,-1,-1,11,1,0,1,0,0,0,0,0,0,0,0,0,0,1,2,5,0,1,0,0,3,0,0,0,0,0,0,0,0,0,00001135531247474342,38007,003B11015,38007,"",70446,"",38007,637378290,"","","","","","","",""
6628680,0,0,60,0,60,1247474321,1247474381,0,0,0,0,8,0,-1,-1,-1,21,1,1,0,0,0,0,0,0,0,0,0,0,0,1,7,0,0,1,0,0,0,0,0,0,0,0,0,0,0,0,00001135471247474321,"",002B11006,"",70433,"","",676113272,22309,"","","","","","","",""
6628681,1,58,0,0,268,1247474100,1247474383,116,0,0,7,7,7,7,-1,-1,11,1,0,1,0,1,0,0,0,0,0,0,0,0,1,2,5,1,1,0,0,3,0,0,0,0,0,0,0,0,0,00001134831247474100,38007,001B18003,38007,"",70635,"",38007,934909207,"","","","","","","",""
6628681,15,0,58,43,152,1247474216,1247474383,109,0,0,9,51,152,51,-1,-1,0,0,1,1,0,0,0,0,0,0,0,0,0,0,1,2,6,0,2,0,0,1,0,0,0,0,0,0,0,0,0,00001135181247474216,38209,"",38202,70635,77048,"",38202,70635,"","","","","","","",""
6628682,14,0,0,0,38,1247474334,1247474386,38,0,0,20,20,20,20,-1,-1,37,1,0,1,0,0,0,0,0,0,0,0,0,0,1,2,3,0,1,0,0,1,0,0,0,0,0,0,0,0,0,00001135491247474334,38020,003A11031,38020,"",39418,"",38020,934299504,"","","","","","","",""
6628683,0,0,7,2,7,1247474383,1247474390,0,0,0,60,20,60,-1,-1,-1,0,0,1,0,0,0,0,0,0,0,0,0,0,0,1,5,0,0,1,0,0,0,0,0,0,0,0,0,0,0,0,00001135751247474383,38060,"",38060,39233,"","",38060,39233,"","","","","","","",""
6628684,0,0,7,0,7,1247474396,1247474403,0,0,0,0,8,0,-1,-1,-1,21,1,1,0,0,0,0,0,0,0,0,0,0,0,1,7,0,0,1,0,0,0,0,0,0,0,0,0,0,0,0,00001135811247474396,"",002B11010,"",70433,"","",933920761,22309,"","","","","","","",""
6628685,0,0,55,0,55,1247474352,1247474407,0,0,0,0,276,0,-1,-1,-1,21,1,1,0,0,0,0,0,0,0,0,0,0,0,1,7,0,0,1,0,0,0,0,0,0,0,0,0,0,0,0,00001135581247474352,"",002B11007,"",72110,"","",607162953,22707,"","","","","","","",""
6628686,0,0,46,0,46,1247474380,1247474426,0,0,0,0,101,0,-1,-1,-1,21,1,1,0,0,0,0,0,0,0,0,0,0,0,1,7,0,0,1,0,0,0,0,0,0,0,0,0,0,0,0,00001135731247474380,"",002B11009,"",73100,"","",092,22801,"","","","","","","",""
6628687,0,0,19,0,19,1247474411,1247474430,0,0,0,0,8,0,-1,-1,-1,21,1,1,0,0,0,0,0,0,0,0,0,0,0,1,7,0,0,1,0,0,0,0,0,0,0,0,0,0,0,0,00001135861247474411,"",002B11011,"",70433,"","",617707670,22309,"","","","","","","",""
6628688,7,8,0,0,110,1247474318,1247474435,102,0,0,20,20,20,20,-1,-1,37,1,0,1,0,0,0,0,0,0,0,0,0,0,1,2,3,1,1,0,0,1,0,0,0,0,0,0,0,0,0,00001135451247474318,38020,003A11030,38020,"",39233,"",38020,626577650,"","","","","","","",""
6628689,4,0,0,0,65,1247474367,1247474436,65,0,0,20,20,20,20,-1,-1,37,1,0,1,0,0,0,0,0,0,0,0,0,0,1,2,3,0,1,0,0,1,0,0,0,0,0,0,0,0,0,00001135661247474367,38020,002B12002,38020,"",39273,"",38020,933575230,"","","","","","","",""
6628690,10,0,0,0,184,1247474248,1247474442,184,0,0,7,7,7,7,-1,-1,11,1,0,1,0,0,0,0,0,0,0,0,0,0,1,2,5,0,1,0,0,3,0,0,0,0,0,0,0,0,0,00001135291247474248,38007,002A12028,38007,"",71059,"",38007,685240006,"","","","","","","",""
6628691,0,0,124,0,124,1247474320,1247474444,0,0,0,0,60,0,-1,-1,-1,37,1,1,0,0,0,0,0,0,0,0,0,0,0,1,7,0,0,1,0,0,0,0,0,0,0,0,0,0,0,0,00001135461247474320,"",002B12012,"",39363,"","",678312498,22208,"","","","","","","",""
6628692,0,0,0,76,76,1247474384,1247474460,0,0,0,123,254,123,254,260,264,32,1,0,0,0,0,0,0,0,0,0,0,0,0,1,3,5,0,1,0,0,0,0,0,0,0,0,0,0,0,0,00001135761247474384,38623,003A12001,38623,"","","",38623,667169842,"","","","","","","",""
6628693,0,0,46,0,46,1247474422,1247474468,0,0,0,0,50,0,-1,-1,-1,21,1,1,0,0,0,0,0,0,0,0,0,0,0,1,7,0,0,1,0,0,0,0,0,0,0,0,0,0,0,0,00001135871247474422,"",002B11012,"",77040,"","",932653628,22501,"","","","","","","",""
6628694,0,0,30,0,30,1247474441,1247474471,0,0,0,0,8,0,-1,-1,-1,21,1,1,0,0,0,0,0,0,0,0,0,0,0,1,7,0,0,1,0,0,0,0,0,0,0,0,0,0,0,0,00001135921247474441,"",002B11013,"",70433,"","",933920761,22309,"","","","","","","",""
6628695,1,0,0,0,74,1247474400,1247474475,74,0,0,20,20,20,20,-1,-1,37,1,0,1,0,0,0,0,0,0,0,0,0,0,1,2,3,0,1,0,0,1,0,0,0,0,0,0,0,0,0,00001135831247474400,38020,003A11001,38020,"",39274,"",38020,933524222,"","","","","","","",""
6628696,12,0,0,0,69,1247474399,1247474480,69,0,0,20,20,20,20,-1,-1,37,1,0,1,0,0,0,0,0,0,0,0,0,0,1,2,3,0,1,0,0,1,0,0,0,0,0,0,0,0,0,00001135821247474399,38020,002B12003,38020,"",39342,"",38020,634287285,"","","","","","","",""
6628697,0,0,3,0,3,1247474478,1247474481,0,0,0,0,60,0,-1,-1,-1,37,1,1,0,0,0,0,0,0,0,0,0,0,0,1,7,0,0,1,0,0,0,0,0,0,0,0,0,0,0,0,00001136021247474478,"",002B12014,"",39363,"","",934531873,22208,"","","","","","","",""
6628698,0,0,27,0,27,1247474469,1247474496,0,0,0,0,101,0,-1,-1,-1,21,1,1,0,0,0,0,0,0,0,0,0,0,0,1,7,0,0,1,0,0,0,0,0,0,0,0,0,0,0,0,00001136011247474469,"",002B11014,"",73100,"","",112#,22801,"","","","","","","",""
6628699,0,0,14,0,14,1247474485,1247474499,0,0,0,0,8,0,-1,-1,-1,21,1,1,0,0,0,0,0,0,0,0,0,0,0,1,7,0,0,1,0,0,0,0,0,0,0,0,0,0,0,0,00001136081247474485,"",002B11017,"",70433,"","",617707670,22309,"","","","","","","",""
6628700,10,0,0,0,123,1247474372,1247474505,123,0,0,17,17,17,17,-1,-1,11,1,0,1,0,0,0,0,0,0,0,0,0,0,1,2,6,0,1,0,0,2,0,0,0,0,0,0,0,0,0,00001135701247474372,38016,002A12030,38016,"",70571,"",38016,933039813,"","","","","","","",""
6628701,11,0,0,0,6,1247474491,1247474508,6,0,0,7,7,7,7,-1,-1,21,1,0,1,0,0,0,0,0,0,0,0,0,0,1,2,5,0,1,0,0,3,0,0,0,0,0,0,0,0,0,00001136111247474491,38009,002B11022,38009,"",70987,"",38009,977820487,"","","","","","","",""
6628702,11,0,0,0,45,1247474452,1247474508,45,0,0,7,7,7,7,-1,-1,21,1,0,1,0,0,0,0,0,0,0,0,0,0,1,2,5,0,1,0,0,3,0,0,0,0,0,0,0,0,0,00001135951247474452,38007,004B12028,38007,"",70341,"",38007,678651936,"","","","","","","",""
6628703,0,0,136,0,136,1247474380,1247474516,0,0,0,0,60,0,-1,-1,-1,37,1,1,0,0,0,0,0,0,0,0,0,0,0,1,7,0,0,1,0,0,0,0,0,0,0,0,0,0,0,0,00001135721247474380,"",002B12013,"",39392,"","",679610850,22207,"","","","","","","",""
6628704,3,14,0,0,219,1247474255,1247474522,97,0,0,20,20,20,20,-1,-1,37,1,0,1,0,1,0,0,0,0,0,0,0,0,1,2,3,1,1,0,0,1,0,0,0,0,0,0,0,0,0,00001135321247474255,38020,003A11029,38020,"",39338,"",38020,938913373,"","","","","","","",""
6628704,48,0,14,4,122,1247474352,1247474522,118,0,0,58,58,58,58,-1,-1,0,0,1,1,0,0,0,0,0,0,0,0,0,0,1,2,5,0,2,0,0,1,0,0,0,0,0,0,0,0,0,00001135591247474352,38058,"",38058,39338,39242,"",38058,39338,"","","","","","","",""
6628705,10,0,0,0,69,1247474452,1247474531,69,0,0,7,7,7,7,-1,-1,11,1,0,1,0,0,0,0,0,0,0,0,0,0,1,2,5,0,1,0,0,3,0,0,0,0,0,0,0,0,0,00001135961247474452,38004,003B11017,38004,"",70568,"",38004,935028208,"","","","","","","",""
6628706,10,0,0,0,44,1247474496,1247474550,44,0,0,7,7,7,7,-1,-1,11,1,0,1,0,0,0,0,0,0,0,0,0,0,1,2,5,0,1,0,0,3,0,0,0,0,0,0,0,0,0,00001136131247474496,38001,002A12031,38001,"",70356,"",38001,936858800,"","","","","","","",""
6628707,2,25,0,0,166,1247474369,1247474551,64,0,0,7,7,7,7,-1,-1,21,1,0,1,0,1,0,0,0,0,0,0,0,0,1,2,5,1,1,0,0,3,0,0,0,0,0,0,0,0,0,00001135671247474369,38001,002B11021,38001,"",70356,"",38001,933792968,"","","","","","","",""
6628707,16,0,24,10,101,1247474434,1247474551,91,0,0,155,50,155,50,-1,-1,0,0,1,1,0,0,0,0,0,0,0,0,0,0,1,2,3,0,2,0,0,1,0,0,0,0,0,0,0,0,0,00001135891247474434,38205,"",38205,70356,77073,"",38205,70356,"","","","","","","",""
6628708,2,0,0,0,69,1247474481,1247474552,69,0,0,20,20,20,20,-1,-1,37,1,0,1,0,0,0,0,0,0,0,0,0,0,1,2,3,0,1,0,0,1,0,0,0,0,0,0,0,0,0,00001136031247474481,38020,002B12002,38020,"",39338,"",38020,002B12002,"","","","","","","",""
6628709,1,28,0,0,220,1247474317,1247474552,149,0,0,7,7,7,7,-1,-1,21,1,0,1,0,1,0,0,0,0,0,0,0,0,1,2,5,1,1,0,0,3,0,0,0,0,0,0,0,0,0,00001135431247474317,38007,002B11020,38007,"",70045,"",38007,932137413,"","","","","","","",""
6628709,15,0,28,16,71,1247474466,1247474552,55,0,0,153,50,153,50,-1,-1,0,0,1,1,0,0,0,0,0,0,0,0,0,0,1,2,5,0,2,0,0,1,0,0,0,0,0,0,0,0,0,00001135991247474466,38203,"",38203,70045,77034,"",38203,70045,"","","","","","","",""
6628710,0,0,1,0,1,1247474551,1247474552,0,0,0,0,8,0,-1,-1,-1,21,1,1,0,0,0,0,0,0,0,0,0,0,0,1,7,0,0,1,0,0,0,0,0,0,0,0,0,0,0,0,00001136301247474551,"",002B11001,"",70568,"","",933878715,22311,"","","","","","","",""
6628711,0,72,0,0,87,1247474467,1247474554,15,0,0,7,7,7,7,-1,-1,11,1,0,1,0,0,0,0,1,0,0,0,0,0,1,2,5,1,1,0,0,3,0,0,0,0,0,0,0,0,0,00001136001247474467,38007,001B17021,38007,"",70635,"",38007,667169842,"","","","","","","",""
6628712,0,0,73,73,73,1247474482,1247474555,0,0,0,318,402,318,402,48,-1,0,0,1,0,0,0,0,0,0,0,0,0,0,0,1,3,4,0,1,0,0,0,0,0,0,0,0,0,0,0,0,00001136071247474482,35173,"",35068,70635,"","",35068,70635,"","","","","","","",""
6628713,0,0,2,0,2,1247474555,1247474557,0,0,0,0,8,0,-1,-1,-1,21,1,1,0,0,0,0,0,0,0,0,0,0,0,1,7,0,0,1,0,0,0,0,0,0,0,0,0,0,0,0,00001136311247474555,"",002B11002,"",70568,"","",933878715,22311,"","","","","","","",""
6628714,8,0,0,0,53,1247474496,1247474557,53,0,0,20,20,20,20,-1,-1,37,1,0,1,0,0,0,0,0,0,0,0,0,0,1,2,3,0,1,0,0,1,0,0,0,0,0,0,0,0,0,00001136141247474496,38020,003A11002,38020,"",39418,"",38020,933364385,"","","","","","","",""
6628715,1,0,0,0,216,1247474343,1247474560,216,0,0,7,7,7,7,-1,-1,11,1,0,1,0,0,0,0,0,0,0,0,0,0,1,2,5,0,1,0,0,3,0,0,0,0,0,0,0,0,0,00001135541247474343,38002,002A12029,38002,"",71104,"",38002,937131144,"","","","","","","",""
6628716,0,0,3,0,3,1247474561,1247474564,0,0,0,0,8,0,-1,-1,-1,21,1,1,0,0,0,0,0,0,0,0,0,0,0,1,7,0,0,1,0,0,0,0,0,0,0,0,0,0,0,0,00001136341247474561,"",002B11003,"",70568,"","",933878715,22311,"","","","","","","",""
6628717,1,34,0,0,300,1247474249,1247474564,198,0,0,7,7,7,7,-1,-1,21,1,0,1,0,1,0,0,0,0,0,0,0,0,1,2,5,1,1,0,0,3,0,0,0,0,0,0,0,0,0,00001135301247474249,38001,004B12026,38001,"",70630,"",38001,936336240,"","","","","","","",""
6628717,15,0,34,9,102,1247474447,1247474564,93,0,0,155,50,155,50,-1,-1,0,0,1,1,0,0,0,0,0,0,0,0,0,0,1,2,3,0,2,0,0,1,0,0,0,0,0,0,0,0,0,00001135941247474447,38205,"",38205,70630,77001,"",38205,70630,"","","","","","","",""
6628718,0,9,0,25,249,1247474318,1247474567,7,0,0,1,1,1,1,-1,-1,0,0,0,1,0,1,0,0,0,0,0,0,0,0,1,2,4,1,1,0,0,1,0,0,0,0,0,0,0,0,0,00001135441247474318,38000,"",38000,"",16051,"",38000,932272916,"","","","","","","",""
6628718,0,0,8,0,44,1247474351,1247474567,0,0,0,0,1,0,-1,-1,-1,0,0,1,0,0,1,0,0,0,0,0,0,0,0,1,7,0,0,2,0,0,0,0,0,0,0,0,0,0,0,0,00001135561247474350,"","","",16051,"","",16001,16002,"","","","","","","",""
6628718,0,0,0,0,172,1247474395,1247474567,0,0,0,0,-1,0,-1,-1,-1,0,0,0,0,0,0,0,0,0,0,0,0,0,0,1,7,0,0,3,0,0,0,0,0,0,0,0,0,0,0,0,00000000000000000000,"","","","","","","","","","","","","","","",""
6628719,10,0,0,0,48,1247474512,1247474570,48,0,0,7,7,7,7,-1,-1,11,1,0,1,0,0,0,0,0,0,0,0,0,0,1,2,5,0,1,0,0,3,0,0,0,0,0,0,0,0,0,00001136191247474512,38009,003B11018,38009,"",70987,"",38009,977820487,"","","","","","","",""
6628720,0,0,89,0,89,1247474482,1247474571,0,0,0,0,72,0,-1,-1,-1,21,1,1,0,0,0,0,0,0,0,0,0,0,0,1,7,0,0,1,0,0,0,0,0,0,0,0,0,0,0,0,00001136051247474482,"",002B11015,"",75031,"","",934893000,22403,"","","","","","","",""
6628721,0,0,9,0,9,1247474563,1247474572,0,0,0,0,60,0,-1,-1,-1,37,1,1,0,0,0,0,0,0,0,0,0,0,0,1,7,0,0,1,0,0,0,0,0,0,0,0,0,0,0,0,00001136371247474563,"",002B12017,"",39392,"","",934531873,22207,"","","","","","","",""
6628722,0,0,2,0,2,1247474570,1247474572,0,0,0,0,8,0,-1,-1,-1,21,1,1,0,0,0,0,0,0,0,0,0,0,0,1,7,0,0,1,0,0,0,0,0,0,0,0,0,0,0,0,00001136411247474570,"",002B11006,"",70568,"","",933878715,22311,"","","","","","","",""
6628723,0,0,72,0,72,1247474516,1247474588,0,0,0,0,72,0,-1,-1,-1,21,1,1,0,0,0,0,0,0,0,0,0,0,0,1,7,0,0,1,0,0,0,0,0,0,0,0,0,0,0,0,00001136231247474516,"",004B12001,"",75042,"","",938670317,22402,"","","","","","","",""
6628724,0,0,77,0,77,1247474526,1247474603,0,0,0,0,48,0,-1,-1,-1,21,1,1,0,0,0,0,0,0,0,0,0,0,0,1,7,0,0,1,0,0,0,0,0,0,0,0,0,0,0,0,00001136261247474526,"",004B12003,"",74005,"","",607162934,22722,"","","","","","","",""
6628725,0,0,42,0,42,1247474562,1247474604,0,0,0,0,102,0,-1,-1,-1,21,1,1,0,0,0,0,0,0,0,0,0,0,0,1,7,0,0,1,0,0,0,0,0,0,0,0,0,0,0,0,00001136351247474562,"",002B11004,"",73103,"","",678651936,22803,"","","","","","","",""
6628726,0,0,83,0,83,1247474522,1247474605,0,0,0,0,17,0,-1,-1,-1,21,1,1,0,0,0,0,0,0,0,0,0,0,0,1,7,0,0,1,0,0,0,0,0,0,0,0,0,0,0,0,00001136251247474522,"",004B12002,"",70446,"","",932914325,22304,"","","","","","","",""
6628727,84,0,0,0,78,1247474443,1247474605,78,0,0,17,17,17,17,-1,-1,11,1,0,1,0,0,0,0,0,0,0,0,0,0,1,2,6,0,1,0,0,2,0,0,0,0,0,0,0,0,0,00001135931247474443,38016,001B18005,38016,"",70446,"",38016,933039813,"","","","","","","",""
6628728,0,0,50,0,50,1247474563,1247474613,0,0,0,0,283,0,-1,-1,-1,21,1,1,0,0,0,0,0,0,0,0,0,0,0,1,7,0,0,1,0,0,0,0,0,0,0,0,0,0,0,0,00001136361247474563,"",002B11005,"",72085,"","",667169751,22703,"","","","","","","",""
6628729,0,0,46,0,46,1247474578,1247474624,0,0,0,0,8,0,-1,-1,-1,21,1,1,0,0,0,0,0,0,0,0,0,0,0,1,7,0,0,1,0,0,0,0,0,0,0,0,0,0,0,0,00001136451247474578,"",002B11007,"",70568,"","",933878715,22311,"","","","","","","",""
6628730,15,0,91,26,91,1247474522,1247474628,65,0,0,52,50,155,50,-1,-1,0,0,1,1,0,0,0,0,0,0,0,0,0,0,1,2,6,0,1,0,0,1,0,0,0,0,0,0,0,0,0,00001136241247474522,38052,"",38205,70433,77048,"",38205,70433,"","","","","","","",""
6628731,10,0,0,0,136,1247474489,1247474635,136,0,0,7,7,7,7,-1,-1,11,1,0,1,0,0,0,0,0,0,0,0,0,0,1,2,5,0,1,0,0,3,0,0,0,0,0,0,0,0,0,00001136091247474489,38004,001B18006,38004,"",70298,"",38004,972388101,"","","","","","","",""
6628732,0,0,27,22,27,1247474618,1247474645,5,0,0,0,101,0,-1,-1,-1,0,0,1,1,0,0,0,0,0,0,0,0,0,0,1,1,0,0,1,0,0,0,0,0,0,0,0,0,0,0,0,00001136571247474616,"","","",77073,73100,"",22801,22616,"","","","","","","",""
6628733,1,31,0,0,214,1247474394,1247474645,155,0,0,17,17,17,17,-1,-1,11,1,0,1,0,1,0,0,0,0,0,0,0,0,1,2,6,1,1,0,0,2,0,0,0,0,0,0,0,0,0,00001135781247474394,38015,001B17020,38015,"",70608,"",38015,933039814,"","","","","","","",""
6628733,37,0,31,19,59,1247474549,1247474645,40,0,0,152,51,152,51,-1,-1,0,0,1,1,0,0,0,0,0,0,0,0,0,0,1,2,6,0,2,0,0,1,0,0,0,0,0,0,0,0,0,00001136281247474549,38202,"",38202,70608,77073,"",38202,70608,"","","","","","","",""
6628734,11,0,19,4,19,1247474617,1247474647,15,0,0,401,101,401,101,-1,-1,0,0,1,1,0,0,0,0,0,0,0,0,0,0,1,2,6,0,1,0,0,1,0,0,0,0,0,0,0,0,0,00001136591247474617,"","","",72085,73100,"",38701,72085,"","","","","","","",""
6628735,0,0,9,0,9,1247474647,1247474656,0,0,0,0,60,0,-1,-1,-1,37,1,1,0,0,0,0,0,0,0,0,0,0,0,1,7,0,0,1,0,0,0,0,0,0,0,0,0,0,0,0,00001136701247474643,"",002B12018,"",39392,"","",932745490,22207,"","","","","","","",""
6628736,0,0,7,0,7,1247474649,1247474656,0,0,0,0,17,0,-1,-1,-1,21,1,1,0,0,0,0,0,0,0,0,0,0,0,1,7,0,0,1,0,0,0,0,0,0,0,0,0,0,0,0,00001136721247474649,"",002B11002,"",70341,"","",607835427,22315,"","","","","","","",""
6628737,12,0,0,0,74,1247474570,1247474656,74,0,0,17,17,17,17,-1,-1,11,1,0,1,0,0,0,0,0,0,0,0,0,0,1,2,6,0,1,0,0,2,0,0,0,0,0,0,0,0,0,00001136421247474570,38015,001B17022,38015,"",70341,"",38015,933039813,"","","","","","","",""
6628738,0,0,41,0,41,1247474624,1247474665,0,0,0,0,8,0,-1,-1,-1,21,1,1,0,0,0,0,0,0,0,0,0,0,0,1,7,0,0,1,0,0,0,0,0,0,0,0,0,0,0,0,00001136641247474624,"",002B11001,"",70568,"","",933878715,22311,"","","","","","","",""
6628739,0,0,4,0,4,1247474661,1247474665,0,0,0,0,8,0,-1,-1,-1,21,1,1,0,0,0,0,0,0,0,0,0,0,0,1,7,0,0,1,0,0,0,0,0,0,0,0,0,0,0,0,00001136741247474661,"",002B11003,"",70341,"","",607835427,22315,"","","","","","","",""
6628740,7,0,0,0,21,1247474639,1247474667,21,0,0,20,20,20,20,-1,-1,37,1,0,1,0,0,0,0,0,0,0,0,0,0,1,2,3,0,1,0,0,1,0,0,0,0,0,0,0,0,0,00001136671247474639,38020,002B12003,38020,"",39274,"",38020,934080958,"","","","","","","",""
6628741,0,0,2,0,2,1247474667,1247474669,0,0,0,0,8,0,-1,-1,-1,21,1,1,0,0,0,0,0,0,0,0,0,0,0,1,7,0,0,1,0,0,0,0,0,0,0,0,0,0,0,0,00001136761247474667,"",002B11004,"",70568,"","",933878715,22311,"","","","","","","",""
6628742,0,0,161,0,161,1247474508,1247474669,0,0,0,0,60,0,-1,-1,-1,37,1,1,0,0,0,0,0,0,0,0,0,0,0,1,7,0,0,1,0,0,0,0,0,0,0,0,0,0,0,0,00001136181247474508,"",002B12015,"",39363,"","",645798040,22208,"","","","","","","",""
6628743,0,0,65,0,65,1247474605,1247474670,0,0,0,0,97,0,-1,-1,-1,21,1,1,0,0,0,0,0,0,0,0,0,0,0,1,7,0,0,1,0,0,0,0,0,0,0,0,0,0,0,0,00001136541247474605,"",004B12001,"",76055,"","",667169842,22721,"","","","","","","",""
6628744,0,0,12,0,12,1247474662,1247474674,0,0,0,0,60,0,-1,-1,-1,37,1,1,0,0,0,0,0,0,0,0,0,0,0,1,7,0,0,1,0,0,0,0,0,0,0,0,0,0,0,0,00001136731247474656,"",002B12019,"",39392,"","",932745490,22207,"","","","","","","",""
6628745,19,0,0,0,35,1247474620,1247474674,35,0,0,20,20,20,20,-1,-1,37,1,0,1,0,0,0,0,0,0,0,0,0,0,1,2,3,0,1,0,0,1,0,0,0,0,0,0,0,0,0,00001136621247474620,38020,002B12002,38020,"",39342,"",38020,972673585,"","","","","","","",""
6628746,0,0,2,0,2,1247474673,1247474675,0,0,0,0,8,0,-1,-1,-1,21,1,1,0,0,0,0,0,0,0,0,0,0,0,1,7,0,0,1,0,0,0,0,0,0,0,0,0,0,0,0,00001136781247474673,"",002B11005,"",70568,"","",933878715,22311,"","","","","","","",""
6628747,1,21,0,0,157,1247474505,1247474677,88,0,0,7,7,7,7,-1,-1,21,1,0,1,0,1,0,0,0,0,0,0,0,0,1,2,5,1,1,0,0,3,0,0,0,0,0,0,0,0,0,00001136171247474505,38007,004B12029,38007,"",70045,"",38007,933573432,"","","","","","","",""
6628747,15,0,21,8,69,1247474593,1247474677,61,0,0,153,50,153,50,-1,-1,0,0,1,1,0,0,0,0,0,0,0,0,0,0,1,2,5,0,2,0,0,1,0,0,0,0,0,0,0,0,0,00001136501247474593,38203,"",38203,70045,77034,"",38203,70045,"","","","","","","",""
6628748,10,0,0,0,54,1247474617,1247474681,54,0,0,7,7,7,7,-1,-1,11,1,0,1,0,0,0,0,0,0,0,0,0,0,1,2,5,0,1,0,0,3,0,0,0,0,0,0,0,0,0,00001136601247474617,38009,002A12001,38009,"",71104,"",38009,977820487,"","","","","","","",""
6628749,0,0,2,0,2,1247474681,1247474683,0,0,0,0,8,0,-1,-1,-1,21,1,1,0,0,0,0,0,0,0,0,0,0,0,1,7,0,0,1,0,0,0,0,0,0,0,0,0,0,0,0,00001136801247474681,"",002B11006,"",70568,"","",933878715,22311,"","","","","","","",""
6628750,0,0,2,0,2,1247474693,1247474695,0,0,0,0,8,0,-1,-1,-1,21,1,1,0,0,0,0,0,0,0,0,0,0,0,1,7,0,0,1,0,0,0,0,0,0,0,0,0,0,0,0,00001136891247474693,"",002B11009,"",70568,"","",933878715,22311,"","","","","","","",""
6628751,0,0,2,0,2,1247474695,1247474697,0,0,0,0,60,0,-1,-1,-1,37,1,1,0,0,0,0,0,0,0,0,0,0,0,1,7,0,0,1,0,0,0,0,0,0,0,0,0,0,0,0,00001136911247474695,"",002B12021,"",39363,"","",934531873,22208,"","","","","","","",""
6628752,0,0,1,0,1,1247474704,1247474705,0,0,0,0,8,0,-1,-1,-1,21,1,1,0,0,0,0,0,0,0,0,0,0,0,1,7,0,0,1,0,0,0,0,0,0,0,0,0,0,0,0,00001136921247474704,"",002B11011,"",70568,"","",933878715,22311,"","","","","","","",""
6628753,0,0,3,0,3,1247474704,1247474707,0,0,0,0,7,0,-1,-1,-1,21,1,1,0,0,0,0,0,0,0,0,0,0,0,1,7,0,0,1,0,0,0,0,0,0,0,0,0,0,0,0,00001136931247474704,"",002B11012,"",70433,"","",977820487,22309,"","","","","","","",""
6628754,11,0,0,0,7,1247474691,1247474709,7,0,0,7,7,7,7,-1,-1,11,1,0,1,0,0,0,0,0,0,0,0,0,0,1,2,5,0,1,0,0,3,0,0,0,0,0,0,0,0,0,00001136851247474691,38009,002A12002,38009,"",70433,"",38009,977820487,"","","","","","","",""
6628755,3,8,0,0,171,1247474512,1247474714,89,0,0,20,20,20,20,-1,-1,37,1,0,1,0,1,0,0,0,0,0,0,0,0,1,2,3,1,1,0,0,1,0,0,0,0,0,0,0,0,0,00001136201247474512,38020,003A11003,38020,"",39233,"",38020,933498443,"","","","","","","",""
6628755,31,0,8,2,82,1247474601,1247474714,80,0,0,58,58,58,58,-1,-1,0,0,1,1,0,0,0,0,0,0,0,0,0,0,1,2,5,0,2,0,0,1,0,0,0,0,0,0,0,0,0,00001136531247474601,38058,"",38058,39233,39244,"",38058,39233,"","","","","","","",""
6628756,0,0,24,0,24,1247474694,1247474718,0,0,0,0,8,0,-1,-1,-1,21,1,1,0,0,0,0,0,0,0,0,0,0,0,1,7,0,0,1,0,0,0,0,0,0,0,0,0,0,0,0,00001136901247474694,"",002B11010,"",70341,"","",607835427,22315,"","","","","","","",""
6628757,0,0,3,0,3,1247474727,1247474730,0,0,0,0,8,0,-1,-1,-1,21,1,1,0,0,0,0,0,0,0,0,0,0,0,1,7,0,0,1,0,0,0,0,0,0,0,0,0,0,0,0,00001137031247474727,"",002B11015,"",70341,"","",607835427,22315,"","","","","","","",""
6628758,0,0,60,0,60,1247474680,1247474740,0,0,0,0,60,0,-1,-1,-1,37,1,1,0,0,0,0,0,0,0,0,0,0,0,1,7,0,0,1,0,0,0,0,0,0,0,0,0,0,0,0,00001136791247474674,"",002B12020,"",39392,"","",932745490,22207,"","","","","","","",""
6628759,10,0,0,0,93,1247474640,1247474743,93,0,0,7,7,7,7,-1,-1,21,1,0,1,0,0,0,0,0,0,0,0,0,0,1,2,5,0,1,0,0,3,0,0,0,0,0,0,0,0,0,00001136681247474640,38005,004B12030,38005,"",71059,"",38005,973208115,"","","","","","","",""
6628760,2,0,0,0,158,1247474584,1247474744,158,0,0,20,20,20,20,-1,-1,37,1,0,1,0,0,0,0,0,0,0,0,0,0,1,2,3,0,1,0,0,1,0,0,0,0,0,0,0,0,0,00001136461247474584,38020,003A11004,38020,"",39273,"",38020,935557667,"","","","","","","",""
6628761,11,0,0,5,43,1247474691,1247474745,38,0,0,113,277,113,277,-1,-1,32,1,0,1,0,0,0,0,0,0,0,0,0,0,1,2,5,0,1,0,0,1,0,0,0,0,0,0,0,0,0,00001136861247474691,38613,001A18027,38613,"",72045,"",38613,670236732,"","","","","","","",""
6628762,1,23,0,0,144,1247474596,1247474755,89,0,0,7,7,7,7,-1,-1,11,1,0,1,0,1,0,0,0,0,0,0,0,0,1,2,5,1,1,0,0,3,0,0,0,0,0,0,0,0,0,00001136521247474596,38003,003B11019,38003,"",70635,"",38003,933998706,"","","","","","","",""
6628762,15,0,23,9,55,1247474685,1247474755,46,0,0,155,50,155,50,-1,-1,0,0,1,1,0,0,0,0,0,0,0,0,0,0,1,2,3,0,2,0,0,1,0,0,0,0,0,0,0,0,0,00001136831247474685,38205,"",38205,70635,77001,"",38205,70635,"","","","","","","",""
6628763,0,0,159,0,159,1247474598,1247474757,0,0,0,0,72,0,-1,-1,-1,21,1,1,0,0,0,0,0,0,0,0,0,0,0,1,7,0,0,1,0,0,0,0,0,0,0,0,0,0,0,0,00001136491247474592,"",002B11008,"",75031,"","",932746150,22403,"","","","","","","",""
6628764,0,0,73,0,73,1247474714,1247474787,0,0,0,0,8,0,-1,-1,-1,21,1,1,0,0,0,0,0,0,0,0,0,0,0,1,7,0,0,1,0,0,0,0,0,0,0,0,0,0,0,0,00001136981247474714,"",002B11013,"",70568,"","",932288800,22311,"","","","","","","",""
6628765,0,0,3,0,3,1247474793,1247474796,0,0,0,0,8,0,-1,-1,-1,21,1,1,0,0,0,0,0,0,0,0,0,0,0,1,7,0,0,1,0,0,0,0,0,0,0,0,0,0,0,0,00001137211247474793,"",002B11018,"",70568,"","",933878715,22311,"","","","","","","",""
6628766,0,0,1,0,1,1247474804,1247474805,0,0,0,0,8,0,-1,-1,-1,21,1,1,0,0,0,0,0,0,0,0,0,0,0,1,7,0,0,1,0,0,0,0,0,0,0,0,0,0,0,0,00001137231247474804,"",002B11019,"",70568,"","",933878715,22311,"","","","","","","",""
6628767,0,0,0,39,39,1247474769,1247474808,0,0,0,1,-1,1,-1,-1,-1,0,0,0,0,0,0,0,0,0,0,0,0,0,0,1,3,0,0,1,0,0,0,0,0,0,0,0,0,0,0,0,00001137131247474769,38000,"",38000,"","","",38000,696612637,11408,"","","","","","",""
6628768,2,12,0,0,211,1247474593,1247474819,119,0,0,7,7,7,7,-1,-1,21,1,0,1,0,1,0,0,0,0,0,0,0,0,1,2,5,1,1,0,0,3,0,0,0,0,0,0,0,0,0,00001136511247474593,38002,002B11023,38002,"",70571,"",38002,680916064,"","","","","","","",""
6628768,15,0,12,4,92,1247474712,1247474819,88,0,0,155,50,155,50,-1,-1,0,0,1,1,0,0,0,0,0,0,0,0,0,0,1,2,3,0,2,0,0,1,0,0,0,0,0,0,0,0,0,00001136951247474712,38205,"",38205,70571,77040,"",38205,70571,"","","","","","","",""
6628769,0,0,4,0,4,1247474817,1247474821,0,0,0,0,8,0,-1,-1,-1,21,1,1,0,0,0,0,0,0,0,0,0,0,0,1,7,0,0,1,0,0,0,0,0,0,0,0,0,0,0,0,00001137301247474817,"",002B11020,"",70568,"","",933878715,22311,"","","","","","","",""
6628770,0,0,2,0,2,1247474823,1247474825,0,0,0,0,8,0,-1,-1,-1,21,1,1,0,0,0,0,0,0,0,0,0,0,0,1,7,0,0,1,0,0,0,0,0,0,0,0,0,0,0,0,00001137331247474823,"",002B11021,"",70568,"","",933878715,22311,"","","","","","","",""
6628771,0,0,2,0,2,1247474828,1247474830,0,0,0,0,8,0,-1,-1,-1,21,1,1,0,0,0,0,0,0,0,0,0,0,0,1,7,0,0,1,0,0,0,0,0,0,0,0,0,0,0,0,00001137361247474828,"",002B11022,"",70568,"","",933878715,22311,"","","","","","","",""
6628772,3,0,0,0,48,1247474786,1247474837,48,0,0,20,20,20,20,-1,-1,37,1,0,1,0,0,0,0,0,0,0,0,0,0,1,2,3,0,1,0,0,1,0,0,0,0,0,0,0,0,0,00001137181247474786,38020,002B12005,38020,"",39274,"",38020,932856388,"","","","","","","",""
6628773,0,0,141,0,141,1247474723,1247474864,0,0,0,0,101,0,-1,-1,-1,21,1,1,0,0,0,0,0,0,0,0,0,0,0,1,7,0,0,1,0,0,0,0,0,0,0,0,0,0,0,0,00001137021247474723,"",002B11014,"",73100,"","",112#,22801,"","","","","","","",""
6628774,15,0,89,6,89,1247474764,1247474868,83,0,0,97,97,97,97,-1,-1,0,0,1,1,0,0,0,0,0,0,0,0,0,0,1,2,4,0,1,0,0,1,0,0,0,0,0,0,0,0,0,00001137121247474764,38097,"",38097,70341,76055,"",38097,70341,"","","","","","","",""
6628775,1,13,0,0,122,1247474739,1247474877,68,0,0,7,7,7,7,-1,-1,21,1,0,1,0,1,0,0,0,0,0,0,0,0,1,2,5,1,1,0,0,3,0,0,0,0,0,0,0,0,0,00001137081247474739,38004,004B12031,38004,"",70298,"",38004,645867536,"","","","","","","",""
6628775,16,0,13,3,54,1247474807,1247474877,51,0,0,152,51,152,51,-1,-1,0,0,1,1,0,0,0,0,0,0,0,0,0,0,1,2,6,0,2,0,0,1,0,0,0,0,0,0,0,0,0,00001137241247474807,38202,"",38202,70298,77001,"",38202,70298,"","","","","","","",""
6628776,0,0,185,0,185,1247474692,1247474877,0,0,0,0,50,0,-1,-1,-1,21,1,1,0,0,0,0,0,0,0,0,0,0,0,1,7,0,0,1,0,0,0,0,0,0,0,0,0,0,0,0,00001136881247474692,"",002B11007,"",77048,"","",676113272,22503,"","","","","","","",""
6628777,5,0,0,0,108,1247474775,1247474888,108,0,0,20,20,20,20,-1,-1,37,1,0,1,0,0,0,0,0,0,0,0,0,0,1,2,3,0,1,0,0,1,0,0,0,0,0,0,0,0,0,00001137161247474775,38020,003A11005,38020,"",39342,"",38020,933030090,"","","","","","","",""
6628778,17,0,0,0,24,1247474848,1247474889,24,0,0,20,20,20,20,-1,-1,37,1,0,1,0,0,0,0,0,0,0,0,0,0,1,2,3,0,1,0,0,1,0,0,0,0,0,0,0,0,0,00001137421247474848,38020,003A11006,38020,"",39273,"",38020,937950668,"","","","","","","",""
6628779,0,68,0,0,194,1247474705,1247474899,126,0,0,7,7,7,7,-1,-1,11,1,0,1,0,0,0,0,1,0,0,0,0,0,1,2,5,1,1,0,0,3,0,0,0,0,0,0,0,0,0,00001136941247474705,38001,003B11020,38001,"",70608,"",38001,933792968,"","","","","","","",""
6628780,0,0,69,72,72,1247474831,1247474903,0,0,0,52,50,155,50,-1,-1,0,0,1,0,0,0,0,0,0,0,0,0,0,0,1,3,6,0,1,0,0,0,0,0,0,0,0,0,0,0,0,00001137371247474831,38052,"",38205,70608,"","",38205,70608,"","","","","","","",""
6628781,2,10,0,0,173,1247474716,1247474904,69,0,0,7,7,7,7,-1,-1,11,1,0,1,0,1,0,0,0,0,0,0,0,0,1,2,5,1,1,0,0,3,0,0,0,0,0,0,0,0,0,00001136991247474716,38007,001B17024,38007,"",71104,"",38007,933097693,"","","","","","","",""
6628781,15,0,10,3,104,1247474785,1247474904,101,0,0,152,51,152,51,-1,-1,0,0,1,1,0,0,0,0,0,0,0,0,0,0,1,2,6,0,2,0,0,1,0,0,0,0,0,0,0,0,0,00001137171247474785,38202,"",38202,71104,77034,"",38202,71104,"","","","","","","",""
6628782,0,0,0,60,60,1247474849,1247474909,0,0,0,287,233,287,233,-1,-1,11,1,0,1,0,0,0,0,0,0,0,0,0,0,1,3,6,0,1,0,0,1,0,0,0,0,0,0,0,0,0,00001137431247474849,38287,001B18010,38287,"",75006,"",38287,670082159,"","","","","","","",""
6628783,2,41,0,0,326,1247474576,1247474917,198,0,0,7,7,7,7,-1,-1,11,1,0,1,0,1,0,0,0,0,0,0,0,0,1,2,5,1,1,0,0,3,0,0,0,0,0,0,0,0,0,00001136441247474576,38009,001B18007,38009,"",70356,"",38009,619637696,"","","","","","","",""
6628783,15,0,41,12,128,1247474774,1247474917,116,0,0,155,50,155,50,-1,-1,0,0,1,1,0,0,0,0,0,0,0,0,0,0,1,2,3,0,2,0,0,1,0,0,0,0,0,0,0,0,0,00001137151247474774,38205,"",38205,70356,77073,"",38205,70356,"","","","","","","",""
6628784,1,27,0,0,245,1247474667,1247474927,150,0,0,7,7,7,7,-1,-1,11,1,0,1,0,1,0,0,0,0,0,0,0,0,1,2,5,1,1,0,0,3,0,0,0,0,0,0,0,0,0,00001136751247474667,38007,001B18008,38007,"",70045,"",38007,931010370,"","","","","","","",""
6628784,15,0,26,5,94,1247474818,1247474927,89,0,0,155,50,155,50,-1,-1,0,0,1,1,0,0,0,0,0,0,0,0,0,0,1,2,3,0,2,0,0,1,0,0,0,0,0,0,0,0,0,00001137311247474818,38205,"",38205,70045,77040,"",38205,70045,"","","","","","","",""
6628785,2,0,0,0,196,1247474732,1247474930,196,0,0,20,20,20,20,-1,-1,37,1,0,1,0,0,0,0,0,0,0,0,0,0,1,2,3,0,1,0,0,1,0,0,0,0,0,0,0,0,0,00001137041247474732,38020,002B12003,38020,"",39338,"",38020,002B12003,"","","","","","","",""
6628786,4,19,0,0,177,1247474736,1247474936,62,0,0,20,20,20,20,-1,-1,37,1,0,1,0,1,0,0,0,0,0,0,0,0,1,2,3,1,1,0,0,1,0,0,0,0,0,0,0,0,0,00001137051247474736,38020,002B12004,38020,"",39233,"",38020,002B12004,"","","","","","","",""
6628786,23,0,19,13,115,1247474798,1247474936,102,0,0,60,60,60,60,-1,-1,0,0,1,1,0,0,0,0,0,0,0,0,0,0,1,2,5,0,2,0,0,2,0,0,0,0,0,0,0,0,0,00001137221247474798,38060,"",38060,39233,39363,"",38060,39233,"","","","","","","",""
6628787,2,37,0,0,153,1247474772,1247474940,92,0,0,17,17,17,17,-1,-1,11,1,0,1,0,1,0,0,0,0,0,0,0,0,1,2,6,1,1,0,0,2,0,0,0,0,0,0,0,0,0,00001137141247474772,38015,001B18009,38015,"",70446,"",38015,933039813,"","","","","","","",""
6628787,15,0,37,30,61,1247474864,1247474940,31,0,0,152,51,152,51,-1,-1,0,0,1,1,0,0,0,0,0,0,0,0,0,0,1,2,6,0,2,0,0,1,0,0,0,0,0,0,0,0,0,00001137501247474864,38202,"",38202,70446,77001,"",38202,70446,"","","","","","","",""
6628788,0,0,16,0,16,1247474932,1247474948,0,0,0,0,1,0,-1,-1,-1,0,0,1,0,0,0,0,0,0,0,0,0,0,0,1,7,0,0,1,0,0,0,0,0,0,0,0,0,0,0,0,00001137631247474930,"","","",16051,"","",12201,16002,"","","","","","","",""
6628789,0,0,206,0,206,1247474743,1247474949,0,0,0,0,7,0,-1,-1,-1,21,1,1,0,0,0,0,0,0,0,0,0,0,0,1,7,0,0,1,0,0,0,0,0,0,0,0,0,0,0,0,00001137091247474743,"",002B11017,"",70630,"","",972623000,22308,"","","","","","","",""
6628790,211,0,0,0,98,1247474640,1247474949,98,0,0,7,7,7,7,-1,-1,21,1,0,1,0,0,0,0,0,0,0,0,0,0,1,2,5,0,1,0,0,3,0,0,0,0,0,0,0,0,0,00001136691247474640,38004,002B11024,38004,"",70630,"",38004,972624200,"","","","","","","",""
6628791,6,0,0,0,19,1247474933,1247474958,19,0,0,20,20,20,20,-1,-1,37,1,0,1,0,0,0,0,0,0,0,0,0,0,1,2,3,0,1,0,0,1,0,0,0,0,0,0,0,0,0,00001137661247474933,38020,002B12003,38020,"",39274,"",38020,699500666,"","","","","","","",""
6628792,3,0,0,0,56,1247474901,1247474960,56,0,0,20,20,20,20,-1,-1,37,1,0,1,0,0,0,0,0,0,0,0,0,0,1,2,3,0,1,0,0,1,0,0,0,0,0,0,0,0,0,00001137581247474901,38020,002B12006,38020,"",39233,"",38020,932464226,"","","","","","","",""
6628793,0,0,15,0,15,1247474950,1247474965,0,0,0,0,1,0,-1,-1,-1,0,0,1,0,0,0,0,0,0,0,0,0,0,0,1,7,0,0,1,0,0,0,0,0,0,0,0,0,0,0,0,00001137731247474948,"","","",16051,"","",13101,16002,"","","","","","","",""
6628794,0,0,130,0,130,1247474836,1247474966,0,0,0,0,8,0,-1,-1,-1,21,1,1,0,0,0,0,0,0,0,0,0,0,0,1,7,0,0,1,0,0,0,0,0,0,0,0,0,0,0,0,00001137391247474836,"",002B11023,"",70568,"","",932288800,22311,"","","","","","","",""
6628795,0,0,2,0,2,1247474974,1247474976,0,0,0,0,8,0,-1,-1,-1,21,1,1,0,0,0,0,0,0,0,0,0,0,0,1,7,0,0,1,0,0,0,0,0,0,0,0,0,0,0,0,00001137811247474974,"",002B11027,"",70568,"","",933878715,22311,"","","","","","","",""
6628796,3,0,0,0,79,1247474901,1247474983,79,0,0,20,20,20,20,-1,-1,37,1,0,1,0,0,0,0,0,0,0,0,0,0,1,2,3,0,1,0,0,1,0,0,0,0,0,0,0,0,0,00001137571247474901,38020,002B12005,38020,"",39418,"",38020,937512043,"","","","","","","",""
6628797,0,0,2,0,2,1247474985,1247474987,0,0,0,0,8,0,-1,-1,-1,21,1,1,0,0,0,0,0,0,0,0,0,0,0,1,7,0,0,1,0,0,0,0,0,0,0,0,0,0,0,0,00001137851247474985,"",002B11028,"",70568,"","",933878715,22311,"","","","","","","",""
6628798,11,0,0,0,110,1247474869,1247474990,110,0,0,7,7,7,7,-1,-1,11,1,0,1,0,0,0,0,0,0,0,0,0,0,1,2,5,0,1,0,0,3,0,0,0,0,0,0,0,0,0,00001137511247474869,38003,003B11022,38003,"",71104,"",38003,696858418,"","","","","","","",""
6628799,0,3,48,4,48,1247474951,1247474999,41,0,0,401,101,401,101,-1,-1,0,0,1,1,0,0,0,0,1,0,0,0,0,0,1,2,6,1,1,0,0,1,0,0,0,0,0,0,0,0,0,00001137761247474951,"","","",72085,73100,"",38701,72085,"","","","","","","",""
6628800,0,0,2,0,2,1247475000,1247475002,0,0,0,0,8,0,-1,-1,-1,21,1,1,0,0,0,0,0,0,0,0,0,0,0,1,7,0,0,1,0,0,0,0,0,0,0,0,0,0,0,0,00001137921247475000,"",002B11031,"",70568,"","",933878715,22311,"","","","","","","",""
6628801,1,37,0,5,94,1247474906,1247475003,23,0,0,116,284,116,284,-1,-1,32,1,0,1,0,1,0,0,0,0,0,0,0,0,1,2,5,1,1,0,0,1,0,0,0,0,0,0,0,0,0,00001137591247474906,38616,001A18028,38616,"",72080,"",38616,667169808,"","","","","","","",""
6628801,3,0,37,30,66,1247474934,1247475003,36,0,0,318,48,48,402,48,-1,0,0,1,1,0,0,0,0,0,0,0,0,0,0,1,2,4,0,2,0,0,1,0,0,0,0,0,0,0,0,0,00001137671247474934,35173,"",38048,72080,74005,"",38048,72080,"","","","","","","",""
6628802,0,0,63,0,82,1247474922,1247475004,0,0,19,0,8,0,-1,-1,-1,21,1,1,0,0,0,0,0,0,0,0,0,0,0,1,7,0,0,1,0,0,0,0,0,0,0,0,0,0,0,0,00001137621247474922,"",002B11026,"",70341,"","",607835427,22315,"","","","","","","",""
6628803,1,82,0,0,371,1247474621,1247475008,242,0,0,7,7,7,7,-1,-1,11,1,0,1,0,1,0,0,0,0,0,0,0,0,1,2,5,1,1,0,0,3,0,0,0,0,0,0,0,0,0,00001136631247474621,38001,001B17023,38001,"",70987,"",38001,933389597,"","","","","","","",""
6628803,16,0,82,66,129,1247474863,1247475008,63,0,0,160,194,160,194,-1,-1,0,0,1,1,0,0,0,0,0,0,0,0,0,0,1,2,5,0,2,0,0,1,0,0,0,0,0,0,0,0,0,00001137491247474863,38244,"",38244,70987,77034,"",38244,70987,"","","","","","","",""
6628804,4,0,0,0,70,1247474940,1247475014,70,0,0,20,20,20,20,-1,-1,37,1,0,1,0,0,0,0,0,0,0,0,0,0,1,2,3,0,1,0,0,1,0,0,0,0,0,0,0,0,0,00001137691247474940,38020,002B12004,38020,"",39273,"",38020,628808510,"","","","","","","",""
6628805,0,0,2,0,2,1247475014,1247475016,0,0,0,0,8,0,-1,-1,-1,21,1,1,0,0,0,0,0,0,0,0,0,0,0,1,7,0,0,1,0,0,0,0,0,0,0,0,0,0,0,0,00001137961247475014,"",002B11001,"",70568,"","",933878715,22311,"","","","","","","",""
6628806,1,21,0,0,148,1247474853,1247475016,95,0,0,7,7,7,7,-1,-1,21,1,0,1,0,1,0,0,0,0,0,0,0,0,1,2,5,1,1,0,0,3,0,0,0,0,0,0,0,0,0,00001137451247474853,38007,002B11025,38007,"",70571,"",38007,933461455,"","","","","","","",""
6628806,15,0,21,14,53,1247474948,1247475016,39,0,0,152,51,152,51,-1,-1,0,0,1,1,0,0,0,0,0,0,0,0,0,0,1,2,6,0,2,0,0,1,0,0,0,0,0,0,0,0,0,00001137741247474948,38202,"",38202,70571,77073,"",38202,70571,"","","","","","","",""
6628807,4,0,0,0,46,1247474967,1247475017,46,0,0,20,20,20,20,-1,-1,37,1,0,1,0,0,0,0,0,0,0,0,0,0,1,2,3,0,1,0,0,1,0,0,0,0,0,0,0,0,0,00001137791247474967,38020,003A11007,38020,"",39342,"",38020,934387516,"","","","","","","",""
6628808,0,0,31,0,111,1247474918,1247475029,0,0,80,0,8,0,-1,-1,-1,21,1,1,0,0,0,0,0,0,0,0,0,0,0,1,7,0,0,1,0,0,0,0,0,0,0,0,0,0,0,0,00001137611247474918,"",002B11024,"",70608,"","",933792968,22305,"","","","","","","",""
6628809,0,0,2,0,2,1247475032,1247475034,0,0,0,0,8,0,-1,-1,-1,21,1,1,0,0,0,0,0,0,0,0,0,0,0,1,7,0,0,1,0,0,0,0,0,0,0,0,0,0,0,0,00001138071247475032,"",002B11002,"",70568,"","",933878715,22311,"","","","","","","",""
6628810,0,0,6,0,6,1247475034,1247475040,0,0,0,0,8,0,-1,-1,-1,21,1,1,0,0,0,0,0,0,0,0,0,0,0,1,7,0,0,1,0,0,0,0,0,0,0,0,0,0,0,0,00001138081247475034,"",002B11003,"",70608,"","",933792968,22305,"","","","","","","",""
6628811,10,6,0,5,102,1247474939,1247475041,14,0,0,287,233,287,233,-1,-1,11,1,0,1,0,1,0,0,0,0,0,0,0,0,1,2,6,1,1,0,0,1,0,0,0,0,0,0,0,0,0,00001137681247474939,38287,001B17026,38287,"",75031,"",38287,670082159,"","","","","","","",""
6628811,0,0,1,7,78,1247474963,1247475041,71,0,0,0,72,0,-1,-1,-1,0,0,1,1,0,0,0,0,0,0,0,0,0,0,1,1,0,0,2,0,0,0,0,0,0,0,0,0,0,0,0,00001137771247474958,"","","",75031,75042,"",22402,22403,"","","","","","","",""
6628812,15,0,78,34,78,1247474949,1247475042,44,0,0,52,50,155,50,-1,-1,0,0,1,1,0,0,0,0,0,0,0,0,0,0,1,2,6,0,1,0,0,1,0,0,0,0,0,0,0,0,0,00001137751247474949,38052,"",38205,70608,77001,"",38205,70608,"","","","","","","",""
6628813,0,0,1,0,1,1247475044,1247475045,0,0,0,0,8,0,-1,-1,-1,21,1,1,0,0,0,0,0,0,0,0,0,0,0,1,7,0,0,1,0,0,0,0,0,0,0,0,0,0,0,0,00001138111247475044,"",002B11004,"",70568,"","",933878715,22311,"","","","","","","",""
6628814,11,0,0,0,141,1247474896,1247475048,141,0,0,7,7,7,7,-1,-1,21,1,0,1,0,0,0,0,0,0,0,0,0,0,1,2,5,0,1,0,0,3,0,0,0,0,0,0,0,0,0,00001137561247474896,38007,004B12001,38007,"",70298,"",38007,933074599,"","","","","","","",""
6628815,0,0,14,0,14,1247475034,1247475048,0,0,0,0,1,0,-1,-1,-1,0,0,1,0,0,0,0,0,0,0,0,0,0,0,1,7,0,0,1,0,0,0,0,0,0,0,0,0,0,0,0,00001138051247475031,"","","",16051,"","",13101,16002,"","","","","","","",""
6628816,0,0,53,0,53,1247474999,1247475052,0,0,0,0,274,0,-1,-1,-1,21,1,1,0,0,0,0,0,0,0,0,0,0,0,1,7,0,0,1,0,0,0,0,0,0,0,0,0,0,0,0,00001137911247474999,"",002B11030,"",72030,"","",670960260,22710,"","","","","","","",""
6628817,1,0,0,0,63,1247474998,1247475062,63,0,0,20,20,20,20,-1,-1,37,1,0,1,0,0,0,0,0,0,0,0,0,0,1,2,3,0,1,0,0,1,0,0,0,0,0,0,0,0,0,00001137901247474998,38020,003A11009,38020,"",39274,"",38020,933499831,"","","","","","","",""
6628818,10,0,0,0,200,1247474854,1247475064,200,0,0,7,7,7,7,-1,-1,11,1,0,1,0,0,0,0,0,0,0,0,0,0,1,2,5,0,1,0,0,3,0,0,0,0,0,0,0,0,0,00001137461247474854,38007,002A12003,38007,"",71059,"",38007,935028208,"","","","","","","",""
6628819,11,0,0,0,94,1247474963,1247475068,94,0,0,7,7,7,7,-1,-1,11,1,0,1,0,0,0,0,0,0,0,0,0,0,1,2,5,0,1,0,0,3,0,0,0,0,0,0,0,0,0,00001137781247474963,38005,001B18011,38005,"",70446,"",38005,649858323,"","","","","","","",""
6628820,2,0,124,27,124,1247474942,1247475068,97,0,0,48,97,48,48,402,97,0,0,1,1,0,0,0,0,0,0,0,0,0,0,1,2,4,0,1,0,0,1,0,0,0,0,0,0,0,0,0,00001137701247474942,38048,"",38048,77040,76055,"",38048,77040,"","","","","","","",""
6628821,0,0,17,0,17,1247475055,1247475072,0,0,0,0,1,0,-1,-1,-1,0,0,1,0,0,0,0,0,0,0,0,0,0,0,1,7,0,0,1,0,0,0,0,0,0,0,0,0,0,0,0,00001138121247475048,"","","",16051,"","",14004,16002,"","","","","","","",""
6628822,0,0,14,0,14,1247475064,1247475078,0,0,0,0,8,0,-1,-1,-1,21,1,1,0,0,0,0,0,0,0,0,0,0,0,1,7,0,0,1,0,0,0,0,0,0,0,0,0,0,0,0,00001138211247475064,"",002B11002,"",70568,"","",933878715,22311,"","","","","","","",""
6628823,0,0,17,0,17,1247475061,1247475078,0,0,0,0,408,0,-1,-1,-1,21,1,1,0,0,0,0,0,0,0,0,0,0,0,1,7,0,0,1,0,0,0,0,0,0,0,0,0,0,0,0,00001138181247475061,"",002B11007,"",71515,"","",637840814,22706,"","","","","","","",""
6628824,0,0,2,0,16,1247475063,1247475079,0,0,14,0,8,0,-1,-1,-1,21,1,1,0,0,0,0,0,0,0,0,0,0,0,1,7,0,0,1,0,0,0,0,0,0,0,0,0,0,0,0,00001138201247475063,"",002B11001,"",70568,"","",933878715,22311,"","","","","","","",""
6628825,10,0,0,0,258,1247474818,1247475086,258,0,0,7,7,7,7,-1,-1,11,1,0,1,0,0,0,0,0,0,0,0,0,0,1,2,5,0,1,0,0,3,0,0,0,0,0,0,0,0,0,00001137321247474818,38007,001B17025,38007,"",70635,"",38007,616972308,"","","","","","","",""
6628826,11,0,0,0,39,1247475037,1247475087,39,0,0,20,20,20,20,-1,-1,37,1,0,1,0,0,0,0,0,0,0,0,0,0,1,2,3,0,1,0,0,1,0,0,0,0,0,0,0,0,0,00001138091247475037,38020,002B12003,38020,"",39418,"",38020,676143430,"","","","","","","",""
6628827,0,0,2,0,2,1247475088,1247475090,0,0,0,0,8,0,-1,-1,-1,21,1,1,0,0,0,0,0,0,0,0,0,0,0,1,7,0,0,1,0,0,0,0,0,0,0,0,0,0,0,0,00001138331247475088,"",002B11007,"",70568,"","",933878715,22311,"","","","","","","",""
6628828,0,0,44,5,44,1247475055,1247475099,39,0,0,0,102,0,-1,-1,-1,0,0,1,1,0,0,0,0,0,0,0,0,0,0,1,1,0,0,1,0,0,0,0,0,0,0,0,0,0,0,0,00001138151247475055,"","","",72030,73103,"",22803,22710,"","","","","","","",""
6628829,0,0,45,0,45,1247475063,1247475108,0,0,0,0,51,0,-1,-1,-1,21,1,1,0,0,0,0,0,0,0,0,0,0,0,1,7,0,0,1,0,0,0,0,0,0,0,0,0,0,0,0,00001138191247475063,"",004B12001,"",77034,"","",607835427,22724,"","","","","","","",""
6628830,52,0,53,15,53,1247475003,1247475108,38,0,0,152,51,152,51,-1,-1,0,0,1,1,0,0,0,0,0,0,0,0,0,0,1,2,6,0,1,0,0,1,0,0,0,0,0,0,0,0,0,00001137931247475003,38202,"",38202,70341,77034,"",38202,70341,"","","","","","","",""
6628831,4,0,0,0,74,1247475031,1247475109,74,0,0,20,20,20,20,-1,-1,37,1,0,1,0,0,0,0,0,0,0,0,0,0,1,2,3,0,1,0,0,1,0,0,0,0,0,0,0,0,0,00001138061247475031,38020,003A11010,38020,"",39233,"",38020,933120014,"","","","","","","",""
6628832,4,0,0,0,4,1247475111,1247475119,4,0,0,7,7,7,7,-1,-1,21,1,0,1,0,0,0,0,0,0,0,0,0,0,1,2,5,0,1,0,0,3,0,0,0,0,0,0,0,0,0,00001138391247475111,38002,004B12002,38002,"",71059,"",38002,937730400,"","","","","","","",""
6628833,6,11,0,0,386,1247474668,1247475130,68,0,0,20,20,20,20,-1,-1,37,1,0,1,0,1,0,0,0,0,0,0,0,0,1,2,3,1,1,0,0,1,0,0,0,0,0,0,0,0,0,00001136771247474668,38020,002B12002,38020,"",39418,"",38020,972260848,"","","","","","","",""
6628833,76,0,11,4,318,1247474736,1247475130,314,0,0,58,58,58,58,-1,-1,0,0,1,1,0,0,0,0,0,0,0,0,0,0,1,2,5,0,2,0,0,1,0,0,0,0,0,0,0,0,0,00001137061247474736,38058,"",38058,39418,39242,"",38058,39418,"","","","","","","",""
6628834,4,0,62,35,62,1247475067,1247475133,27,0,0,401,102,401,101,102,-1,0,0,1,1,0,0,0,0,0,0,0,0,0,0,1,2,5,0,1,0,0,1,0,0,0,0,0,0,0,0,0,00001138231247475067,"","","",70341,73103,"",38701,70341,"","","","","","","",""
6628835,1,12,0,0,128,1247474990,1247475134,95,0,0,7,7,7,7,-1,-1,21,1,0,1,0,1,0,0,0,0,0,0,0,0,1,2,5,1,1,0,0,3,0,0,0,0,0,0,0,0,0,00001137881247474990,38001,002B11027,38001,"",70356,"",38001,933383034,"","","","","","","",""
6628835,16,0,12,3,33,1247475085,1247475134,30,0,0,155,50,155,50,-1,-1,0,0,1,1,0,0,0,0,0,0,0,0,0,0,1,2,3,0,2,0,0,1,0,0,0,0,0,0,0,0,0,00001138301247475085,38205,"",38205,70356,77001,"",38205,70356,"","","","","","","",""
6628836,0,0,17,0,17,1247475125,1247475142,0,0,0,0,101,0,-1,-1,-1,21,1,1,0,0,0,0,0,0,0,0,0,0,0,1,7,0,0,1,0,0,0,0,0,0,0,0,0,0,0,0,00001138481247475125,"",002B11001,"",73100,"","",607835427,22801,"","","","","","","",""
6628837,0,0,4,0,146,1247474996,1247475142,0,0,142,0,101,0,-1,-1,-1,21,1,1,0,0,0,0,0,0,0,0,0,0,0,1,7,0,0,1,0,0,0,0,0,0,0,0,0,0,0,0,00001137891247474996,"",002B11029,"",73100,"","",607835427,22801,"","","","","","","",""
6628838,0,0,2,0,2,1247475141,1247475143,0,0,0,0,1,0,-1,-1,-1,0,0,1,0,0,0,0,0,0,0,0,0,0,0,1,7,0,0,1,0,0,0,0,0,0,0,0,0,0,0,0,00001138531247475140,"","","",16051,"","",12100,16002,"","","","","","","",""
6628839,4,0,0,0,31,1247475112,1247475147,31,0,0,20,20,20,20,-1,-1,37,1,0,1,0,0,0,0,0,0,0,0,0,0,1,2,3,0,1,0,0,1,0,0,0,0,0,0,0,0,0,00001138421247475112,38020,003A11011,38020,"",39273,"",38020,937522286,"","","","","","","",""
6628840,0,0,34,0,34,1247475123,1247475157,0,0,0,0,402,0,-1,-1,-1,21,1,1,0,0,0,0,0,0,0,0,0,0,0,1,7,0,0,1,0,0,0,0,0,0,0,0,0,0,0,0,00001138471247475123,"",004B12002,"",74544,"","",607835427,22605,"","","","","","","",""
6628841,6,0,0,0,28,1247475134,1247475168,28,0,0,20,20,20,20,-1,-1,37,1,0,1,0,0,0,0,0,0,0,0,0,0,1,2,3,0,1,0,0,1,0,0,0,0,0,0,0,0,0,00001138511247475134,38020,002B12003,38020,"",39274,"",38020,972206275,"","","","","","","",""
6628842,1,0,0,0,74,1247475094,1247475169,74,0,0,7,7,7,7,-1,-1,11,1,0,1,0,0,0,0,0,0,0,0,0,0,1,2,5,0,1,0,0,3,0,0,0,0,0,0,0,0,0,00001138361247475094,38009,003B11024,38009,"",70298,"",38009,977344900,"","","","","","","",""
6628843,0,0,16,0,16,1247475153,1247475169,0,0,0,0,1,0,-1,-1,-1,0,0,1,0,0,0,0,0,0,0,0,0,0,0,1,7,0,0,1,0,0,0,0,0,0,0,0,0,0,0,0,00001138581247475151,"","","",16051,"","",13101,16002,"","","","","","","",""
6628844,0,0,58,0,58,1247475112,1247475170,0,0,0,0,284,0,-1,-1,-1,21,1,1,0,0,0,0,0,0,0,0,0,0,0,1,7,0,0,1,0,0,0,0,0,0,0,0,0,0,0,0,00001138431247475112,"",004B12001,"",72080,"","",667169803,22720,"","","","","","","",""
6628845,11,0,0,0,10,1247475149,1247475170,10,0,0,7,7,7,7,-1,-1,11,1,0,1,0,0,0,0,0,0,0,0,0,0,1,2,5,0,1,0,0,3,0,0,0,0,0,0,0,0,0,00001138571247475149,38004,001B18013,38004,"",70341,"",38004,972525147,"","","","","","","",""
6628846,11,0,0,0,139,1247475021,1247475171,139,0,0,7,7,7,7,-1,-1,11,1,0,1,0,0,0,0,0,0,0,0,0,0,1,2,5,0,1,0,0,3,0,0,0,0,0,0,0,0,0,00001138001247475021,38007,003B11023,38007,"",70045,"",38007,934284475,"","","","","","","",""
6628847,8,0,32,0,32,1247475143,1247475183,32,0,0,20,20,20,20,-1,-1,0,0,1,1,0,0,0,0,0,0,0,0,0,0,1,2,3,0,1,0,0,1,0,0,0,0,0,0,0,0,0,00001138541247475143,38020,"",38020,73106,39418,"",38020,73106,"","","","","","","",""
6628848,2,15,0,0,182,1247474981,1247475185,47,0,0,20,20,20,20,-1,-1,37,1,0,1,0,1,0,0,0,0,0,0,0,0,1,2,3,1,1,0,0,1,0,0,0,0,0,0,0,0,0,00001137821247474981,38020,003A11008,38020,"",39338,"",38020,937572444,"","","","","","","",""
6628848,22,0,15,8,135,1247475028,1247475185,127,0,0,60,60,60,60,-1,-1,0,0,1,1,0,0,0,0,0,0,0,0,0,0,1,2,5,0,2,0,0,2,0,0,0,0,0,0,0,0,0,00001138041247475028,38060,"",38060,39338,39392,"",38060,39338,"","","","","","","",""
6628849,0,0,21,0,123,1247475054,1247475192,0,0,96,0,8,0,-1,-1,-1,21,1,1,0,0,1,0,0,0,0,0,0,0,0,1,7,0,0,1,0,0,0,0,0,0,0,0,0,0,0,0,00001138141247475054,"",002B11006,"",70608,"","",933792968,22305,"","","","","","","",""
6628849,15,0,96,13,102,1247475075,1247475192,89,0,0,160,243,160,243,-1,-1,0,0,1,1,0,0,0,0,0,0,0,0,0,0,1,2,5,0,2,0,0,1,0,0,0,0,0,0,0,0,0,00001138281247475075,38296,"",38296,70608,77073,"",38296,70608,"","","","","","","",""
6628850,0,0,154,0,154,1247475049,1247475203,0,0,0,0,282,0,-1,-1,-1,21,1,1,0,0,0,0,0,0,0,0,0,0,0,1,7,0,0,1,0,0,0,0,0,0,0,0,0,0,0,0,00001138131247475049,"",002B11005,"",72035,"","",607184480,22713,"","","","","","","",""
6628851,1,0,0,0,86,1247475116,1247475203,86,0,0,20,20,20,20,-1,-1,37,1,0,1,0,0,0,0,0,0,0,0,0,0,1,2,3,0,1,0,0,1,0,0,0,0,0,0,0,0,0,00001138461247475116,38020,003A11012,38020,"",39338,"",38020,679779450,"","","","","","","",""
6628852,4,0,0,0,41,1247475161,1247475206,41,0,0,20,20,20,20,-1,-1,37,1,0,1,0,0,0,0,0,0,0,0,0,0,1,2,3,0,1,0,0,1,0,0,0,0,0,0,0,0,0,00001138591247475161,38020,002B12004,38020,"",39233,"",38020,932615218,"","","","","","","",""
6628853,0,0,4,4,4,1247475207,1247475211,0,0,0,155,50,155,50,-1,-1,0,0,1,0,0,0,0,0,0,0,0,0,0,0,1,3,3,0,1,0,0,0,0,0,0,0,0,0,0,0,0,00001138731247475207,38205,"",38205,70433,"","",38205,70433,"","","","","","","",""
6628854,11,0,0,0,20,1247475183,1247475214,20,0,0,7,7,7,7,-1,-1,11,1,0,1,0,0,0,0,0,0,0,0,0,0,1,2,5,0,1,0,0,3,0,0,0,0,0,0,0,0,0,00001138691247475183,38004,002A12005,38004,"",70341,"",38004,972525147,"","","","","","","",""
6628855,4,0,0,0,40,1247475171,1247475215,40,0,0,20,20,20,20,-1,-1,37,1,0,1,0,0,0,0,0,0,0,0,0,0,1,2,3,0,1,0,0,1,0,0,0,0,0,0,0,0,0,00001138631247475171,38020,002B12003,38020,"",39273,"",38020,609780633,"","","","","","","",""
6628856,0,0,149,0,149,1247475069,1247475218,0,0,0,0,50,0,-1,-1,-1,21,1,1,0,0,0,0,0,0,0,0,0,0,0,1,7,0,0,1,0,0,0,0,0,0,0,0,0,0,0,0,00001138251247475069,"",002B11003,"",77040,"","",973473510,22501,"","","","","","","",""
6628857,0,0,58,0,153,1247475072,1247475225,0,0,95,0,8,0,-1,-1,-1,21,1,1,0,0,0,0,0,0,0,0,0,0,0,1,7,0,0,1,0,0,0,0,0,0,0,0,0,0,0,0,00001138261247475072,"",002B11004,"",70446,"","",973273062,22304,"","","","","","","",""
6628858,10,0,0,0,100,1247475115,1247475225,100,0,0,17,17,17,17,-1,-1,21,1,0,1,0,0,0,0,0,0,0,0,0,0,1,2,6,0,1,0,0,2,0,0,0,0,0,0,0,0,0,00001138451247475115,38016,002B11028,38016,"",70356,"",38016,933039813,"","","","","","","",""
6628859,1,0,0,0,17,1247475209,1247475227,17,0,0,7,7,7,7,-1,-1,21,1,0,1,0,0,0,0,0,0,0,0,0,0,1,2,5,0,1,0,0,3,0,0,0,0,0,0,0,0,0,00001138741247475209,38004,002B11029,38004,"",70608,"",38004,972525147,"","","","","","","",""
6628860,0,0,47,0,165,1247475091,1247475257,0,0,39,0,276,0,-1,-1,-1,21,1,1,0,0,1,0,0,0,0,0,0,0,0,1,7,0,0,1,0,0,0,0,0,0,0,0,0,0,0,0,00001138351247475091,"",002B11008,"",72110,"","",607162997,22707,"","","","","","","",""
6628860,1,0,31,18,110,1247475146,1247475257,92,0,0,48,97,48,48,402,97,0,0,1,1,0,0,0,0,0,0,0,0,0,0,1,2,4,0,2,0,0,1,0,0,0,0,0,0,0,0,0,00001138561247475146,38048,"",38048,72110,76055,"",38048,72110,"","","","","","","",""
6628861,0,0,57,0,57,1247475211,1247475268,0,0,0,0,272,0,-1,-1,-1,21,1,1,0,0,0,0,0,0,0,0,0,0,0,1,7,0,0,1,0,0,0,0,0,0,0,0,0,0,0,0,00001138771247475211,"",002B11005,"",72015,"","",678452184,22730,"","","","","","","",""
6628862,0,0,87,0,87,1247475182,1247475269,0,0,0,0,103,0,-1,-1,-1,21,1,1,0,0,0,0,0,0,0,0,0,0,0,1,7,0,0,1,0,0,0,0,0,0,0,0,0,0,0,0,00001138671247475178,"",002B11002,"",73106,"","",938713790,22802,"","","","","","","",""
6628863,11,0,0,0,3,1247475258,1247475272,3,0,0,7,7,7,7,-1,-1,11,1,0,1,0,0,0,0,0,0,0,0,0,0,1,2,5,0,1,0,0,3,0,0,0,0,0,0,0,0,0,00001138931247475258,38007,003B11025,38007,"",70298,"",38007,933126309,"","","","","","","",""
6628864,2,20,0,0,442,1247474814,1247475272,100,0,0,7,7,7,7,-1,-1,11,1,0,1,0,1,0,0,0,0,0,0,0,0,1,2,5,1,1,0,0,3,0,0,0,0,0,0,0,0,0,00001137291247474814,38003,003B11021,38003,"",70433,"",38003,935557182,"","","","","","","",""
6628864,16,0,20,5,342,1247474914,1247475272,337,0,0,155,50,155,50,-1,-1,0,0,1,1,0,0,0,0,0,0,0,0,0,0,1,2,3,0,2,0,0,1,0,0,0,0,0,0,0,0,0,00001137601247474914,38205,"",38205,70433,77048,"",38205,70433,"","","","","","","",""
6628865,5,0,0,0,45,1247475225,1247475275,45,0,0,20,20,20,20,-1,-1,37,1,0,1,0,0,0,0,0,0,0,0,0,0,1,2,3,0,1,0,0,1,0,0,0,0,0,0,0,0,0,00001138801247475225,38020,003A11014,38020,"",39233,"",38020,934700450,"","","","","","","",""
6628866,0,0,0,0,46,1247475230,1247475276,46,0,0,20,20,20,20,-1,-1,37,1,0,1,0,0,0,0,0,0,0,0,0,0,1,2,3,0,1,0,0,1,0,0,0,0,0,0,0,0,0,00001138831247475230,38020,002B12003,38020,"",39338,"",38020,639170512,"","","","","","","",""
6628867,0,0,147,147,147,1247475130,1247475277,0,0,0,52,50,155,50,-1,-1,0,0,1,1,0,0,0,0,0,0,0,0,0,0,1,3,6,0,1,0,0,1,0,0,0,0,0,0,0,0,0,00001138491247475130,38052,"",38205,70446,77034,"",38205,70446,"","","","","","","",""
6628868,12,26,0,0,128,1247475113,1247475285,64,0,0,20,20,20,20,-1,-1,37,1,0,1,0,1,0,0,0,0,0,0,0,0,1,2,3,1,1,0,0,1,0,0,0,0,0,0,0,0,0,00001138441247475113,38020,002B12002,38020,"",39342,"",38020,934038934,"","","","","","","",""
6628868,44,0,26,17,64,1247475177,1247475285,47,0,0,60,60,60,60,-1,-1,0,0,1,1,0,0,0,0,0,0,0,0,0,0,1,2,5,0,2,0,0,2,0,0,0,0,0,0,0,0,0,00001138661247475177,38060,"",38060,39342,39363,"",38060,39342,"","","","","","","",""
6628869,4,0,0,0,150,1247475132,1247475286,150,0,0,7,7,7,7,-1,-1,11,1,0,1,0,0,0,0,0,0,0,0,0,0,1,2,5,0,1,0,0,3,0,0,0,0,0,0,0,0,0,00001138501247475132,38007,001B17028,38007,"",71059,"",38007,933126304,"","","","","","","",""
6628870,6,0,0,3,104,1247475180,1247475290,101,0,0,20,20,20,20,-1,-1,37,1,0,1,0,0,0,0,0,0,0,0,0,0,1,2,3,0,1,0,0,1,0,0,0,0,0,0,0,0,0,00001138681247475180,38020,003A11013,38020,"",39418,"",38020,697294911,"","","","","","","",""
6628871,4,0,0,0,39,1247475253,1247475296,39,0,0,20,20,20,20,-1,-1,37,1,0,1,0,0,0,0,0,0,0,0,0,0,1,2,3,0,1,0,0,1,0,0,0,0,0,0,0,0,0,00001138921247475253,38020,002B12002,38020,"",39342,"",38020,937946386,"","","","","","","",""
6628872,0,0,23,0,23,1247475274,1247475297,0,0,0,0,8,0,-1,-1,-1,21,1,1,0,0,0,0,0,0,0,0,0,0,0,1,7,0,0,1,0,0,0,0,0,0,0,0,0,0,0,0,00001138971247475274,"",002B11007,"",70298,"","",933126309,22307,"","","","","","","",""
6628873,10,0,0,4,80,1247475211,1247475301,76,0,0,115,279,115,279,-1,-1,32,1,0,1,0,0,0,0,0,0,0,0,0,0,1,2,5,0,1,0,0,1,0,0,0,0,0,0,0,0,0,00001138761247475211,38615,001A18030,38615,"",72055,"",38615,663909352,"","","","","","","",""
6628874,1,0,0,3,36,1247475266,1247475303,33,0,0,103,276,103,276,-1,-1,32,1,0,1,0,0,0,0,0,0,0,0,0,0,1,2,5,0,1,0,0,1,0,0,0,0,0,0,0,0,0,00001138941247475266,38603,001A18031,38603,"",72110,"",38603,607162965,"","","","","","","",""
6628875,0,11,0,30,222,1247475104,1247475326,6,0,0,1,1,1,1,-1,-1,0,0,0,1,0,1,0,0,0,0,0,0,0,0,1,2,4,2,1,0,0,1,0,0,0,0,0,0,0,0,0,00001138381247475104,38000,"",38000,"",16051,"",38000,934037392,"","","","","","","",""
6628875,0,0,6,0,181,1247475145,1247475326,0,0,0,0,1,0,-1,-1,-1,0,0,1,0,0,0,0,0,0,0,0,0,0,0,1,7,0,0,2,0,0,0,0,0,0,0,0,0,0,0,0,00001138551247475143,"","","",16051,"","",12009,16002,"","","","","","","",""
6628876,0,0,30,0,30,1247475300,1247475330,0,0,0,0,282,0,-1,-1,-1,21,1,1,0,0,0,0,0,0,0,0,0,0,0,1,7,0,0,1,0,0,0,0,0,0,0,0,0,0,0,0,00001139061247475300,"",002B11010,"",72035,"","",618776138,22713,"","","","","","","",""
6628877,0,0,4,2,4,1247475329,1247475333,0,0,0,60,20,60,-1,-1,-1,0,0,1,0,0,0,0,0,0,0,0,0,0,0,1,5,0,0,1,0,0,0,0,0,0,0,0,0,0,0,0,00001139191247475329,38060,"",38060,39274,"","",38060,39274,"","","","","","","",""
6628878,2,92,0,0,250,1247475073,1247475333,16,0,0,7,7,7,7,-1,-1,32,1,0,1,0,1,0,0,0,0,0,0,0,0,1,2,5,1,1,0,0,3,0,0,0,0,0,0,0,0,0,00001138271247475073,38007,001A18029,38007,"",70571,"",38007,695357793,"","","","","","","",""
6628878,10,0,92,88,234,1247475089,1247475333,146,0,0,318,402,318,402,48,97,0,0,1,1,0,0,0,0,0,0,0,0,0,0,1,2,4,0,2,0,0,1,0,0,0,0,0,0,0,0,0,00001138341247475089,35173,"",35068,70571,74544,"",35068,70571,"","","","","","","",""
6628879,0,0,3,3,3,1247475333,1247475336,0,0,0,60,20,60,-1,-1,-1,0,0,1,0,0,0,0,0,0,0,0,0,0,0,1,5,0,0,1,0,0,0,0,0,0,0,0,0,0,0,0,00001139241247475333,38060,"",38060,39274,"","",38060,39274,"","","","","","","",""
6628880,0,0,38,2,38,1247475304,1247475342,36,0,0,0,408,0,-1,-1,-1,0,0,1,1,0,0,0,0,0,0,0,0,0,0,1,1,0,0,1,0,0,0,0,0,0,0,0,0,0,0,0,00001139071247475302,"","","",71543,71512,"",22705,22903,"","","","","","","",""
6628881,0,0,63,0,63,1247475282,1247475345,0,0,0,0,8,0,-1,-1,-1,21,1,1,0,0,0,0,0,0,0,0,0,0,0,1,7,0,0,1,0,0,0,0,0,0,0,0,0,0,0,0,00001138991247475282,"",002B11008,"",70446,"","",973273062,22304,"","","","","","","",""
6628882,10,0,0,7,62,1247475274,1247475346,55,0,0,114,278,114,278,-1,-1,32,1,0,1,0,0,0,0,0,0,0,0,0,0,1,2,5,0,1,0,0,1,0,0,0,0,0,0,0,0,0,00001138961247475274,38614,003A12002,38614,"",72050,"",38614,670963274,"","","","","","","",""
6628883,15,0,48,29,48,1247475284,1247475347,19,0,0,152,51,152,51,-1,-1,0,0,1,1,0,0,0,0,0,0,0,0,0,0,1,2,6,0,1,0,0,1,0,0,0,0,0,0,0,0,0,00001139001247475284,38202,"",38202,70635,77073,"",38202,70635,"","","","","","","",""
6628884,0,63,0,0,165,1247475192,1247475357,102,0,0,7,7,7,7,-1,-1,21,1,0,1,0,0,0,0,1,0,0,0,0,0,1,2,5,1,1,0,0,3,0,0,0,0,0,0,0,0,0,00001138721247475192,38002,004B12003,38002,"",70571,"",38002,938480995,"","","","","","","",""
6628885,0,0,4,0,4,1247475367,1247475371,0,0,0,0,8,0,-1,-1,-1,21,1,1,0,0,0,0,0,0,0,0,0,0,0,1,7,0,0,1,0,0,0,0,0,0,0,0,0,0,0,0,00001139341247475367,"",004B12001,"",70571,"","",938480995,22318,"","","","","","","",""
6628886,0,165,0,0,304,1247475068,1247475372,139,0,0,7,7,7,7,-1,-1,11,1,0,1,0,0,0,0,1,0,0,0,0,0,1,2,5,2,1,0,0,3,0,0,0,0,0,0,0,0,0,00001138241247475068,38001,002A12004,38001,"",70433,"",38001,619631618,"","","","","","","",""
6628887,1,8,0,0,199,1247475174,1247475374,191,0,0,20,20,20,20,-1,-1,37,1,0,1,0,0,0,0,0,0,0,0,0,0,1,2,3,1,1,0,0,1,0,0,0,0,0,0,0,0,0,00001138651247475174,38020,002B12005,38020,"",39274,"",38020,002B12005,"","","","","","","",""
6628888,0,0,93,0,147,1247475227,1247475374,0,0,54,0,8,0,-1,-1,-1,21,1,1,0,0,0,0,0,0,0,0,0,0,0,1,7,0,0,1,0,0,0,0,0,0,0,0,0,0,0,0,00001138811247475227,"",002B11006,"",70635,"","",938460904,22314,"","","","","","","",""
6628889,0,0,0,0,30,1247475344,1247475374,30,0,0,20,20,20,20,-1,-1,37,1,0,1,0,0,0,0,0,0,0,0,0,0,1,2,3,0,1,0,0,1,0,0,0,0,0,0,0,0,0,00001139261247475344,38020,002B12002,38020,"",39338,"",38020,934562945,"","","","","","","",""
6628890,0,0,5,2,5,1247475369,1247475374,0,0,0,60,20,60,-1,-1,-1,0,0,1,0,0,0,0,0,0,0,0,0,0,0,1,5,0,0,1,0,0,0,0,0,0,0,0,0,0,0,0,00001139351247475369,38060,"",38060,39233,"","",38060,39233,"","","","","","","",""
6628891,0,0,4,0,4,1247475373,1247475377,0,0,0,0,8,0,-1,-1,-1,21,1,1,0,0,0,0,0,0,0,0,0,0,0,1,7,0,0,1,0,0,0,0,0,0,0,0,0,0,0,0,00001139381247475373,"",004B12002,"",70571,"","",938480995,22318,"","","","","","","",""
6628892,0,0,24,3,24,1247475355,1247475379,21,0,0,0,102,0,-1,-1,-1,0,0,1,1,0,0,0,0,0,0,0,0,0,0,1,1,0,0,1,0,0,0,0,0,0,0,0,0,0,0,0,00001139291247475350,"","","",77073,73103,"",22803,22616,"","","","","","","",""
6628893,0,0,0,22,172,1247475210,1247475382,0,0,0,1,-1,1,-1,-1,-1,0,0,0,0,0,0,0,0,0,0,0,0,0,0,1,1,0,0,1,0,0,0,0,0,0,0,0,0,0,0,0,00001138751247475210,38000,"",38000,"","","",38000,628134197,11408,"","","","","","",""
6628894,0,0,64,0,64,1247475329,1247475393,0,0,0,0,7,0,-1,-1,-1,21,1,1,0,0,0,0,0,0,0,0,0,0,0,1,7,0,0,1,0,0,0,0,0,0,0,0,0,0,0,0,00001139181247475329,"",002B11011,"",70987,"","",972623000,22303,"","","","","","","",""
6628895,11,0,0,0,1,1247475382,1247475394,1,0,0,7,7,7,7,-1,-1,11,1,0,1,0,0,0,0,0,0,0,0,0,0,1,2,5,0,1,0,0,6,0,0,0,0,0,0,0,0,0,00001139431247475382,38007,001B18015,38007,"",79029,"",38007,934051244,"","","","","","","",""
6628896,0,0,33,33,33,1247475370,1247475403,0,0,0,153,50,153,50,-1,-1,0,0,1,0,0,0,0,0,0,0,0,0,0,0,1,3,5,0,1,0,0,0,0,0,0,0,0,0,0,0,0,00001139371247475370,38203,"",38203,70446,"","",38203,70446,"","","","","","","",""
6628897,15,0,160,132,162,1247475227,1247475404,30,0,2,160,200,160,200,-1,-1,0,0,1,1,0,0,0,0,0,0,0,0,0,0,1,2,5,0,1,0,0,1,0,0,0,0,0,0,0,0,0,00001138821247475227,38250,"",38250,70433,77040,"",38250,70433,"","","","","","","",""
6628898,9,0,0,0,30,1247475374,1247475413,30,0,0,20,20,20,20,-1,-1,37,1,0,1,0,0,0,0,0,0,0,0,0,0,1,2,3,0,1,0,0,1,0,0,0,0,0,0,0,0,0,00001139391247475374,38020,002B12003,38020,"",39418,"",38020,934276340,"","","","","","","",""
6628899,0,0,28,0,35,1247475379,1247475414,0,0,7,0,8,0,-1,-1,-1,21,1,1,0,0,0,0,0,0,0,0,0,0,0,1,7,0,0,1,0,0,0,0,0,0,0,0,0,0,0,0,00001139421247475379,"",004B12003,"",70571,"","",938480995,22318,"","","","","","","",""
6628900,0,0,63,120,120,1247475295,1247475415,0,0,0,155,50,155,50,-1,-1,0,0,1,1,0,0,0,0,0,0,0,0,0,0,1,3,3,0,1,0,0,1,0,0,0,0,0,0,0,0,0,00001139041247475295,38205,"",38205,70571,77093,"",38205,70571,"","","","","","","",""
6628901,9,7,0,0,91,1247475318,1247475418,84,0,0,20,20,20,20,-1,-1,37,1,0,1,0,0,0,0,0,0,0,0,0,0,1,2,3,1,1,0,0,1,0,0,0,0,0,0,0,0,0,00001139151247475318,38020,003A11017,38020,"",39233,"",38020,663114757,"","","","","","","",""
6628902,0,0,4,3,4,1247475414,1247475418,0,0,0,60,20,60,-1,-1,-1,0,0,1,0,0,0,0,0,0,0,0,0,0,0,1,5,0,0,1,0,0,0,0,0,0,0,0,0,0,0,0,00001139621247475414,38060,"",38060,39273,"","",38060,39273,"","","","","","","",""
6628903,0,0,41,0,41,1247475390,1247475431,0,0,0,0,8,0,-1,-1,-1,21,1,1,0,0,0,0,0,0,0,0,0,0,0,1,7,0,0,1,0,0,0,0,0,0,0,0,0,0,0,0,00001139501247475390,"",002B11001,"",70433,"","",619631618,22309,"","","","","","","",""
6628904,11,0,0,7,56,1247475370,1247475437,49,0,0,115,279,115,279,-1,-1,32,1,0,1,0,0,0,0,0,0,0,0,0,0,1,2,5,0,1,0,0,1,0,0,0,0,0,0,0,0,0,00001139361247475370,38615,001A18001,38615,"",72055,"",38615,670950091,"","","","","","","",""
6628905,1,0,0,0,154,1247475282,1247475437,154,0,0,7,7,7,7,-1,-1,11,1,0,1,0,0,0,0,0,0,0,0,0,0,1,2,5,0,1,0,0,3,0,0,0,0,0,0,0,0,0,00001138981247475282,38004,001B17029,38004,"",70341,"",38004,645302020,"","","","","","","",""
6628906,0,0,25,0,25,1247475417,1247475442,0,0,0,0,8,0,-1,-1,-1,21,1,1,0,0,0,0,0,0,0,0,0,0,0,1,7,0,0,1,0,0,0,0,0,0,0,0,0,0,0,0,00001139641247475417,"",004B12001,"",70571,"","",938480995,22318,"","","","","","","",""
6628907,4,7,0,0,140,1247475299,1247475443,133,0,0,20,20,20,20,-1,-1,37,1,0,1,0,0,0,0,0,0,0,0,0,0,1,2,3,1,1,0,0,1,0,0,0,0,0,0,0,0,0,00001139051247475299,38020,003A11015,38020,"",39273,"",38020,003A11015,"","","","","","","",""
6628908,1,20,0,4,172,1247475268,1247475451,42,0,0,119,285,119,285,-1,-1,32,1,0,1,0,1,0,0,0,0,0,0,0,0,1,2,5,1,1,0,0,1,0,0,0,0,0,0,0,0,0,00001138951247475268,38619,003A12001,38619,"",72090,"",38619,607181688,"","","","","","","",""
6628908,11,0,20,2,126,1247475314,1247475451,124,0,0,48,48,48,48,-1,-1,0,0,1,1,0,0,0,0,0,0,0,0,0,0,1,2,4,0,2,0,0,1,0,0,0,0,0,0,0,0,0,00001139131247475314,38048,"",38048,72090,74005,"",38048,72090,"","","","","","","",""
6628909,0,0,3,2,3,1247475448,1247475451,0,0,0,60,20,60,-1,-1,-1,0,0,1,0,0,0,0,0,0,0,0,0,0,0,1,5,0,0,1,0,0,0,0,0,0,0,0,0,0,0,0,00001139791247475448,38060,"",38060,39274,"","",38060,39274,"","","","","","","",""
6628910,1,154,0,0,359,1247475079,1247475454,91,0,0,7,7,7,7,-1,-1,11,1,0,1,0,1,0,0,0,0,0,0,0,0,1,2,5,1,1,0,0,3,0,0,0,0,0,0,0,0,0,00001138291247475079,38009,001B18012,38009,"",71104,"",38009,977547317,"","","","","","","",""
6628910,16,0,154,147,268,1247475170,1247475454,121,0,0,9,51,152,51,-1,-1,0,0,1,1,0,0,0,0,0,0,0,0,0,0,1,2,6,0,2,0,0,1,0,0,0,0,0,0,0,0,0,00001138621247475170,38209,"",38202,71104,77048,"",38202,71104,"","","","","","","",""
6628911,0,0,3,2,3,1247475452,1247475455,0,0,0,60,20,60,-1,-1,-1,0,0,1,0,0,0,0,0,0,0,0,0,0,0,1,5,0,0,1,0,0,0,0,0,0,0,0,0,0,0,0,00001139811247475452,38060,"",38060,39274,"","",38060,39274,"","","","","","","",""
6628912,0,0,9,2,9,1247475448,1247475457,0,0,0,60,20,60,-1,-1,-1,0,0,1,0,0,0,0,0,0,0,0,0,0,0,1,5,0,0,1,0,0,0,0,0,0,0,0,0,0,0,0,00001139801247475448,38060,"",38060,39342,"","",38060,39342,"","","","","","","",""
6628913,11,0,0,0,84,1247475363,1247475458,84,0,0,7,7,7,7,-1,-1,11,1,0,1,0,0,0,0,0,0,0,0,0,0,1,2,5,0,1,0,0,3,0,0,0,0,0,0,0,0,0,00001139331247475363,38009,001B17030,38009,"",70298,"",38009,977328419,"","","","","","","",""
6628914,4,0,0,23,139,1247475319,1247475462,116,0,0,318,97,318,402,48,97,11,1,0,1,0,0,0,0,0,0,0,0,0,0,1,2,4,0,1,0,0,1,0,0,0,0,0,0,0,0,0,00001139161247475319,35173,002A12006,35173,"",76055,"",35173,695356975,"","","","","","","",""
6628915,10,0,0,0,64,1247475390,1247475464,64,0,0,7,7,7,7,-1,-1,11,1,0,1,0,0,0,0,0,0,0,0,0,0,1,2,5,0,1,0,0,6,0,0,0,0,0,0,0,0,0,00001139491247475390,38009,003B11027,38009,"",79004,"",38009,977920360,"","","","","","","",""
6628916,0,0,34,0,34,1247475432,1247475466,0,0,0,0,8,0,-1,-1,-1,21,1,1,0,0,0,0,0,0,0,0,0,0,0,1,7,0,0,1,0,0,0,0,0,0,0,0,0,0,0,0,00001139691247475432,"",002B11003,"",70433,"","",619631618,22309,"","","","","","","",""
6628917,10,0,0,0,14,1247475445,1247475469,14,0,0,7,7,7,7,-1,-1,21,1,0,1,0,0,0,0,0,0,0,0,0,0,1,2,5,0,1,0,0,3,0,0,0,0,0,0,0,0,0,00001139771247475445,38009,004B12006,38009,"",70635,"",38009,977524546,"","","","","","","",""
6628918,0,0,49,0,49,1247475422,1247475471,0,0,0,0,274,0,-1,-1,-1,21,1,1,0,0,0,0,0,0,0,0,0,0,0,1,7,0,0,1,0,0,0,0,0,0,0,0,0,0,0,0,00001139661247475422,"",002B11002,"",72031,"","",645867536,22711,"","","","","","","",""
6628919,7,8,0,0,58,1247475407,1247475472,50,0,0,20,20,20,20,-1,-1,37,1,0,1,0,0,0,0,0,0,0,0,0,0,1,2,3,1,1,0,0,1,0,0,0,0,0,0,0,0,0,00001139601247475407,38020,002B12003,38020,"",39274,"",38020,002B12003,"","","","","","","",""
6628920,1,117,0,0,430,1247475037,1247475483,126,0,0,7,7,7,7,-1,-1,11,1,0,1,0,1,0,0,0,0,0,0,0,0,1,2,5,1,1,0,0,3,0,0,0,0,0,0,0,0,0,00001138101247475037,38007,001B17027,38007,"",70987,"",38007,935123668,"","","","","","","",""
6628920,16,0,117,119,304,1247475163,1247475483,185,0,0,155,50,155,50,-1,-1,0,0,1,1,0,0,0,0,0,0,0,0,0,0,1,2,3,0,2,0,0,1,0,0,0,0,0,0,0,0,0,00001138601247475163,38205,"",38205,70987,77034,"",38205,70987,"","","","","","","",""
6628921,0,0,44,0,44,1247475439,1247475483,0,0,0,0,282,0,-1,-1,-1,21,1,1,0,0,0,0,0,0,0,0,0,0,0,1,7,0,0,1,0,0,0,0,0,0,0,0,0,0,0,0,00001139701247475439,"",002B11004,"",72035,"","",618776138,22713,"","","","","","","",""
6628922,0,0,0,0,64,1247475423,1247475487,64,0,0,20,20,20,20,-1,-1,37,1,0,1,0,0,0,0,0,0,0,0,0,0,1,2,3,0,1,0,0,1,0,0,0,0,0,0,0,0,0,00001139671247475423,38020,002B12004,38020,"",39338,"",38020,002B12004,"","","","","","","",""
6628923,0,0,142,0,382,1247475097,1247475494,0,0,156,0,8,0,-1,-1,-1,21,1,1,0,0,1,0,0,0,0,0,0,0,0,1,7,0,0,1,0,0,0,0,0,0,0,0,0,0,0,0,00001138371247475097,"",002B11009,"",70568,"","",650661026,22311,"","","","","","","",""
6628923,15,0,156,145,240,1247475239,1247475494,95,0,0,52,50,155,50,-1,-1,0,0,1,1,0,0,0,0,0,0,0,0,0,0,1,2,6,0,2,0,0,1,0,0,0,0,0,0,0,0,0,00001138891247475239,38052,"",38205,70568,77073,"",38205,70568,"","","","","","","",""
6628924,12,10,0,0,97,1247475387,1247475496,87,0,0,20,20,20,20,-1,-1,37,1,0,1,0,0,0,0,0,0,0,0,0,0,1,2,3,1,1,0,0,1,0,0,0,0,0,0,0,0,0,00001139451247475387,38020,002B12002,38020,"",39342,"",38020,933674100,"","","","","","","",""
6628925,26,0,0,0,35,1247475445,1247475506,35,0,0,20,20,20,20,-1,-1,37,1,0,1,0,0,0,0,0,0,0,0,0,0,1,2,3,0,1,0,0,1,0,0,0,0,0,0,0,0,0,00001139761247475445,38020,002B12005,38020,"",39418,"",38020,937946386,"","","","","","","",""
6628926,0,0,25,0,146,1247475346,1247475507,0,0,49,0,8,0,-1,-1,-1,21,1,1,0,0,1,0,0,0,0,0,0,0,0,1,7,0,0,1,0,0,0,0,0,0,0,0,0,0,0,0,00001139271247475346,"",002B11012,"",70446,"","",973273062,22304,"","","","","","","",""
6628926,15,0,16,4,88,1247475404,1247475507,84,0,0,153,50,153,50,-1,-1,0,0,1,1,0,0,0,0,0,0,0,0,0,0,1,2,5,0,2,0,0,1,0,0,0,0,0,0,0,0,0,00001139581247475404,38203,"",38203,70446,77040,"",38203,70446,"","","","","","","",""
6628927,1,17,0,20,99,1247475406,1247475515,19,0,0,7,7,7,7,-1,-1,32,1,0,1,0,1,0,0,0,0,0,0,0,0,1,2,5,1,1,0,0,3,0,0,0,0,0,0,0,0,0,00001139591247475406,38007,003A12002,38007,"",70446,"",38007,637840375,"","","","","","","",""
6628927,10,0,16,12,59,1247475446,1247475515,47,0,0,318,402,318,402,-1,-1,0,0,1,1,0,0,0,0,0,0,0,0,0,0,1,2,4,0,2,0,0,1,0,0,0,0,0,0,0,0,0,00001139781247475446,35068,"",35068,70446,74544,"",35068,70446,"","","","","","","",""
6628928,0,0,57,0,57,1247475461,1247475518,0,0,0,0,252,0,-1,-1,-1,21,1,1,0,0,0,0,0,0,0,0,0,0,0,1,7,0,0,1,0,0,0,0,0,0,0,0,0,0,0,0,00001139841247475461,"",002B11005,"",72010,"","",660995076,22732,"","","","","","","",""
6628929,10,0,0,0,85,1247475443,1247475538,85,0,0,7,7,7,7,-1,-1,11,1,0,1,0,0,0,0,0,0,0,0,0,0,1,2,5,0,1,0,0,3,0,0,0,0,0,0,0,0,0,00001139751247475443,38007,002A12008,38007,"",71104,"",38007,932455569,"","","","","","","",""
6628930,3,0,0,0,77,1247475459,1247475539,77,0,0,20,20,20,20,-1,-1,37,1,0,1,0,0,0,0,0,0,0,0,0,0,1,2,3,0,1,0,0,1,0,0,0,0,0,0,0,0,0,00001139831247475459,38020,003A11018,38020,"",39233,"",38020,003A11018,"","","","","","","",""
6628931,0,0,58,0,58,1247475486,1247475544,0,0,0,0,285,0,-1,-1,-1,21,1,1,0,0,0,0,0,0,0,0,0,0,0,1,7,0,0,1,0,0,0,0,0,0,0,0,0,0,0,0,00001139931247475486,"",004B12001,"",72090,"","",627424744,22719,"","","","","","","",""
6628932,0,0,4,2,4,1247475542,1247475546,0,0,0,60,20,60,-1,-1,-1,0,0,1,0,0,0,0,0,0,0,0,0,0,0,1,5,0,0,1,0,0,0,0,0,0,0,0,0,0,0,0,00001140181247475542,38060,"",38060,39315,"","",38060,39315,"","","","","","","",""
6628933,2,5,0,3,167,1247475391,1247475558,63,0,0,7,7,7,7,-1,-1,11,1,0,1,0,1,0,0,0,0,0,0,0,0,1,2,5,1,1,0,0,6,0,0,0,0,0,0,0,0,0,00001139511247475391,38001,001B17031,38001,"",79029,"",38001,619631618,"","","","","","","",""
6628933,0,0,5,101,101,1247475457,1247475558,0,0,0,160,200,160,200,-1,-1,0,0,1,1,0,0,0,0,0,0,0,0,0,0,1,3,5,0,2,0,0,1,0,0,0,0,0,0,0,0,0,00001139821247475457,38250,"",38250,79029,77040,"",38250,79029,"","","","","","","",""
6628934,0,0,47,0,47,1247475522,1247475569,0,0,0,0,1,0,-1,-1,-1,0,0,1,0,0,0,0,0,0,0,0,0,0,0,1,7,0,0,1,0,0,0,0,0,0,0,0,0,0,0,0,00001140091247475519,"","","",16051,"","",13101,16002,"","","","","","","",""
6628935,10,0,0,0,62,1247475509,1247475581,62,0,0,7,7,7,7,-1,-1,11,1,0,1,0,0,0,0,0,0,0,0,0,0,1,2,5,0,1,0,0,3,0,0,0,0,0,0,0,0,0,00001140001247475509,38004,001B18017,38004,"",70298,"",38004,935028208,"","","","","","","",""
6628936,11,0,0,0,65,1247475509,1247475585,65,0,0,7,7,7,7,-1,-1,11,1,0,1,0,0,0,0,0,0,0,0,0,0,1,2,5,0,1,0,0,3,0,0,0,0,0,0,0,0,0,00001140011247475509,38004,003B11028,38004,"",70446,"",38004,935028208,"","","","","","","",""
6628937,0,0,94,0,94,1247475493,1247475587,0,0,0,0,279,0,-1,-1,-1,21,1,1,0,0,0,0,0,0,0,0,0,0,0,1,7,0,0,1,0,0,0,0,0,0,0,0,0,0,0,0,00001139961247475493,"",004B12003,"",72055,"","",670950091,22716,"","","","","","","",""
6628938,1,19,0,20,181,1247475397,1247475589,58,0,0,7,7,7,7,-1,-1,21,1,0,1,0,1,0,0,0,0,0,0,0,0,1,2,5,1,1,0,0,3,0,0,0,0,0,0,0,0,0,00001139551247475397,38002,002B11031,38002,"",70568,"",38002,938713790,"","","","","","","",""
6628938,11,0,19,10,103,1247475475,1247475589,93,0,0,403,103,403,103,-1,-1,0,0,1,1,0,0,0,0,0,0,0,0,0,0,1,2,6,0,2,0,0,1,0,0,0,0,0,0,0,0,0,00001139871247475475,"","","",70568,73106,"",38703,70568,"","","","","","","",""
6628939,10,0,0,0,57,1247475527,1247475594,57,0,0,17,17,17,17,-1,-1,11,1,0,1,0,0,0,0,0,0,0,0,0,0,1,2,6,0,1,0,0,5,0,0,0,0,0,0,0,0,0,00001140131247475527,38015,001B18018,38015,"",79004,"",38015,933039813,"","","","","","","",""
6628940,0,0,1,0,1,1247475593,1247475594,0,0,0,0,1,0,-1,-1,-1,0,0,1,0,0,0,0,0,0,0,0,0,0,0,1,7,0,0,1,0,0,0,0,0,0,0,0,0,0,0,0,00001140301247475586,"","","",16051,"","",13012,16002,"","","","","","","",""
